gid,countycode,countyname,shape_leng,shape_area,cnt_code,cnt__name,total_area,totalpop_2,pop_densit,ruralpop_2,population,rai,rai_1,cntycode,poor_pop,rai_2016,county_cod,county_nam,rural_popu,area_2km__,rural_po_1,area_rural,rai_2025
1,1,Mombasa,114856.739526,369248654.29,1,Mombasa,212.48,1184658,5575,95738,91064,0.95,95,001,321000,95,1,Mombasa,"206,758",193.34,208286,225.52,99
2,2,Kwale,484146.416563,9197887128.8,2,Kwale,7581,820199,108,671204,424529,0.63,63,002,389000,63,2,Kwale,"649,115",5980.72,742567,8788.38,87
3,3,Kilifi,528212.766423,13785975158.6,3,Kilifi,12755,1399975,110,1041030,361273,0.35,35,003,650000,35,3,Kilifi,"1,014,791",4702.92,1203123,13576.05,84
4,4,Tana River,1184200.31779,40753733897.2,4,Tana River,25640.1,303047,12,257281,29201,0.11,11,004,189000,11,4,Tana River,"178,934",5204.04,388782,40342.02,46
5,5,Lamu,413911.636127,8484036308.92,5,Lamu,6497.7,128144,20,102530,13772,0.13,13,005,36000,13,5,Lamu,"71,967",1025.15,117220,7732.72,61
6,6,Taita Taveta,623100.154514,17133647507.1,6,Taita Taveta,6470.8,358173,55,243782,117651,0.48,48,006,116000,48,6,Taita Taveta,"284,887",5293.89,331124,17075.63,86
7,7,Garissa,1166763.44857,43588272733.4,7,Garissa,44175,431950,9,262038,61781,0.24,24,007,283000,24,7,Garissa,"444,943",4060.02,1325366,43557.96,34
8,8,Wajir,1114709.48947,56657565440.5,8,Wajir,56685,888636,15.6767398783,846476,13740,0.02,16,008,287000,16,8,Wajir,"543,790",7274.73,1626013,56631.61,33
9,9,Mandera,813623.402978,25984281388.4,9,Mandera,25992,1377047,52.9796475839,1209405,48995,0.04,20,009,552000,20,9,Mandera,"932,995",5119.16,2508557,25961.57,37
10,10,Marsabit,1334691.63505,76026117536.2,10,Marsabit,70961,390882,5.50840602585,328636,16620,0.05,26,010,201000,26,10,Marsabit,"150,760",11615.57,325807,76012.9,46
11,11,Isiolo,1145910.42499,25380228814.7,11,Isiolo,25605,192368,7.51290763523,134536,47989,0.36,22,011,81000,22,11,Isiolo,"69,359",3174.24,153880,25372.03,45
12,12,Meru,497252.551133,6987764366.41,12,Meru,6936,1820794,262.51355248,1183278,927103,0.78,72,012,284000,72,12,Meru,"1,454,340",4076.05,1573777,6875.61,92
13,13,Tharaka Nithi,362298.055332,2578864654.03,13,Tharaka-Nithi,2638,490445,185.915466262,435714,332933,0.76,76,013,95000,76,13,Tharaka Nithi,"366,785",1565.54,405339,2501.12,90
14,14,Embu,387027.981089,2822794741.02,14,Embu,2818,693000,245.919091554,592377,510775,0.86,77,014,158000,77,14,Embu,"563,587",2332.29,580940,2735.57,97
15,15,Kitui,1017845.74912,30437806554.6,15,Kitui,24385.1,1097687,45,1024728,577133,0.56,56,015,522000,56,15,Kitui,"678,017",8041.1,1206289,30389.43,56
16,16,Machakos,689660.218249,6043655974.54,16,Machakos,6208.2,1191325,192,621755,511419,0.82,82,016,278000,82,16,Machakos,"1,036,661",4655.33,1151678,5861.46,90
17,17,Makueni,672599.00109,8171727681.29,17,Makueni,8008.9,959022,120,916905,670753,0.73,73,017,334000,73,17,Makueni,"986,763",5931.04,1100724,8150.43,90
18,18,Nyandarua,404159.318441,3270118056.32,18,Nyandarua,3245,800472,246.678582435,788170,691644,0.88,97,018,239000,97,18,Nyandarua,"692,298",2838.11,700163,3238.82,99
19,19,Nyeri,350585.022786,3336017347.72,19,Nyeri,3337,931081,279.017380881,789692,743615,0.94,96,019,154000,96,19,Nyeri,"673,418",2432.92,681774,3211.29,99
20,20,Kirinyaga,224518.076471,1475206861.57,20,Kirinyaga,1479,708897,479.30831643,616628,602627,0.98,99,020,122000,99,20,Kirinyaga,"580,562",1118.41,580762,1409.9,100
21,21,Muranga,300646.333276,2526335236.31,21,Murang'a,2559,1265387,0,1024809,996308,97,98,021,274000,98,21,Muranga,"1,063,907",2155.42,1067394,2416.26,100
22,22,Kiambu,361725.568586,2544559260.03,22,Kiambu,2243,2179209,971.559964333,743956,684555,0.92,97,022,435000,97,22,Kiambu,"832,420",1864.01,836027,1986.32,100
23,23,Turkana,1604081.25454,70350471928.7,23,Turkana,68680,1148348,16.7202679091,1148348,181622,0.16,17,023,860000,17,23,Turkana,"310,245",7098.67,1218877,70544.71,25
24,24,West Pokot,533999.818219,9338758208.59,24,West Pokot,9169,688271,75.0650016359,678643,294123,0.43,56,024,373000,56,24,West Pokot,"460,577",3913.91,731583,9048.93,63
25,25,Samburu,902069.546366,21022114412.2,25,Samburu,21022,300642,14.3013033964,294340,31122,0.11,34,025,215000,34,25,Samburu,"147,285",4778.86,304654,20998.48,48
26,26,Trans Nzoia,281522.055931,2495696185.7,26,Trans Nzoia,2495,1099157,0,907868,582648,64,64,026,353000,64,26,Trans Nzoia,"978,226",1997.04,1026626,2413.36,95
27,27,Uasin Gishu,451049.195371,3406424170.53,27,Uasin Gishu,3218,1200409,0,813518,485788,60,99,027,465000,99,27,Uasin Gishu,"874,607",3077.77,882575,3184.06,99
28,28,Elgeyo Marakwet,491164.472239,3018445959.93,28,Elgeyo-Marakwet,3029,496712,0,487350,333119,68,85,028,204000,85,28,Elgeyo Marakwet,"465,118",2156.33,544782,3018.39,85
29,29,Nandi,359426.940024,2846545450.14,29,Nandi,2885,1010834,350.375736568,948372,523337,0.55,90,029,343000,90,29,Nandi,"960,202",2256.72,1120891,2830.8,86
30,30,Baringo,725263.061831,10911344994.2,30,Baringo,8646,745824,86.2623178348,710973,348665,0.49,46,030,278000,46,30,Baringo,"501,126",4602.81,782800,10894.27,64
31,31,Laikipia,608401.949289,9543252145.9,31,Laikipia,9462,535951,56.6424645952,460179,333355,0.72,73,031,233000,73,31,Laikipia,"275,590",2218.95,478394,9441.57,58
32,32,Nakuru,731527.116347,7488740461.93,32,Nakuru,7495,2152417,287.180386925,1615952,983456,0.61,86,032,592000,86,32,Nakuru,"1,472,457",5590.27,1545542,6844.08,95
33,33,Narok,795556.189468,17939519063.8,33,Narok,17921.2,1077719,60,1057973,377322,0.36,36,033,243000,36,33,Narok,"722,901",6320,1229700,17900.7,59
34,34,Kajiado,827502.852605,21897461354.7,34,Kajiado,21292.7,870721,41,539035,235362,0.44,44,034,355000,44,34,Kajiado,"445,773",8694.29,657163,21725.97,68
35,35,Kericho,420599.551581,2592078145.7,35,Kericho,2479,792984,319.880597015,689003,592652,0.86,92,035,286000,92,35,Kericho,"936,292",1995.87,973545,2467.06,96
36,36,Bomet,352504.250752,2379285912.05,36,Bomet,1882,1197262,636.164718385,1137761,1075548,0.95,96,036,447000,96,36,Bomet,"1,047,132",2063.87,1055595,2324.26,99
37,37,Kakamega,482863.589333,3022866018.35,37,Kakamega,1395,2229375,1598.11827957,1659442,1344436,0.81,99,037,672000,99,37,Kakamega,"1,999,824",2840.1,2001577,2892.95,100
38,38,Vihiga,162921.215038,563062069.384,38,Vihiga,530,744564,1404.83773585,54935,48004,0.87,91,038,271000,91,38,Vihiga,"727,353",550.04,729017,563.11,100
39,39,Bungoma,348073.426513,3046189077.86,39,Bungoma,2069,1845982,892.209763171,1581480,1304664,0.82,94,039,555000,94,39,Bungoma,"1,578,403",2406.82,1603191,2897.7,98
40,40,Busia,326801.414588,1815841779.19,40,Busia,1135,997566,878.91277533,892284,793645,0.89,97,040,583000,97,40,Busia,"846,669",1636.05,855322,1780.63,99
41,41,Siaya,329286.082884,3542109210.86,41,Siaya,2530,1130769,446.944268775,1038982,815566,0.78,98,041,333000,98,41,Siaya,"1,013,286",2657.34,1039195,3511.95,98
42,42,Kisumu,359967.122979,2676760447.5,42,Kisumu,2086,1300732,623.553211889,770910,693276,0.9,97,042,384000,97,42,Kisumu,"796,839",1987.77,798709,2478.43,100
43,43,Homabay,387113.449123,4759184531.97,43,Homa Bay,3183,1293865,0,1177995,849761,72,92,043,360000,92,43,Homabay,"994,460",2584.55,1134578,4716.36,88
44,44,Migori,340456.801422,3164945286.22,44,Migori,2596,1231274,474.296610169,1095543,931660,0.85,85,044,464000,85,44,Migori,"1,034,410",2530.32,1072879,3123.31,96
45,45,Kisii,195198.371428,1321022215.7,45,Kisii,1318,1546905,1173.67602428,435648,377455,0.87,100,045,562000,100,45,Kisii,"1,302,875",1262.84,1306954,1267.05,100
46,46,Nyamira,170985.74057,900851834.298,46,Nyamira,900,803136,892.373333333,356645,328275,0.92,99,046,429000,99,46,Nyamira,"739,418",882.23,740899,883.84,100
47,47,Nairobi,187447.21726,707988529.944,47,Nairobi,694.85,4253334,6121,76942,73282,0.95,95,047,745000,95,47,Nairobi,"64,404",159.48,64409,159.54,100
