book,vote,vote_title,row_type,head_code,head_title,approved_estimates_2025_2026,gross_expenditure_2026_2027,appropriations_in_aid_2026_2027,net_expenditure_2026_2027,projected_estimates_2027_2028,projected_estimates_2028_2029,page,verified
fy-2026-27-development-book-volume-ii-1091-1097,1091,State Department for Roads,head,1091101000,Northern Corridor Transport Improvement Project,288373307,108836105,0,108836105,308373307,388056887,21,yes
fy-2026-27-development-book-volume-ii-1091-1097,1091,State Department for Roads,head,1091101200,Kenya Transport Sector Support Programme,96775450,324957197,0,324957197,158605569,184085221,21,yes
fy-2026-27-development-book-volume-ii-1091-1097,1091,State Department for Roads,head,1091101300,National Urban Transport Improvement Project (NUTRIP),285225782,912791287,0,912791287,477019454,871229367,21,yes
fy-2026-27-development-book-volume-ii-1091-1097,1091,State Department for Roads,head,1091101400,"South Sudan Eastern Africa Transport,Trade & Development Facilitation",201805506,40000000,0,40000000,60000000,60000000,21,yes
fy-2026-27-development-book-volume-ii-1091-1097,1091,State Department for Roads,head,1091102000,Support to Road Sector: Capacity Building Component,40000000,90000000,0,90000000,60000000,60000000,21,yes
fy-2026-27-development-book-volume-ii-1091-1097,1091,State Department for Roads,head,1091102600,Mombasa Mariakani Highway Project,940577757,3693576235,2080000000,1613576235,2130077757,0,21,yes
fy-2026-27-development-book-volume-ii-1091-1097,1091,State Department for Roads,head,1091102900,Naro Moru - Munyu - Karisheni,0,123440773,0,123440773,114798152,130869893,21,yes
fy-2026-27-development-book-volume-ii-1091-1097,1091,State Department for Roads,head,1091104700,Muranga - Gitugi,0,74065624,0,74065624,37032812,0,21,yes
fy-2026-27-development-book-volume-ii-1091-1097,1091,State Department for Roads,head,1091106100,Limo Hospital-Illula-Elgeyo Border-Kapkoi (D296),15189561,3204779,0,3204779,21417837,0,21,yes
fy-2026-27-development-book-volume-ii-1091-1097,1091,State Department for Roads,head,1091106700,Gatura - Ngere - Karangi,77778981,18888950,0,18888950,77778981,0,21,yes
fy-2026-27-development-book-volume-ii-1091-1097,1091,State Department for Roads,head,1091107000,Baricho Bridge 615,188034276,130806099,0,130806099,0,0,21,yes
fy-2026-27-development-book-volume-ii-1091-1097,1091,State Department for Roads,head,1091111100,Rumuruti - Mararal Road (phase I),0,150000000,0,150000000,18261350,22980078,22,yes
fy-2026-27-development-book-volume-ii-1091-1097,1091,State Department for Roads,head,1091114500,Kibwezi - Mutomo - Kitui Road (B7),0,295087872,0,295087872,0,0,22,yes
fy-2026-27-development-book-volume-ii-1091-1097,1091,State Department for Roads,head,1091114700,Thika - Magumu Road,13635778,25682054,0,25682054,103635778,130415236,22,yes
fy-2026-27-development-book-volume-ii-1091-1097,1091,State Department for Roads,head,1091115400,Isebania - Mukuyu - Kisii - Ahero Road (A1) Lot 1 & 2,96469864,395000000,375000000,20000000,0,0,22,yes
fy-2026-27-development-book-volume-ii-1091-1097,1091,State Department for Roads,head,1091117000,Changamwe roundabout - Moi Int'l Airport Access Road & Port Reitz Rd,22434649,0,0,0,0,0,22,yes
fy-2026-27-development-book-volume-ii-1091-1097,1091,State Department for Roads,head,1091117400,Marigat Bridge,4439565,0,0,0,0,0,22,yes
fy-2026-27-development-book-volume-ii-1091-1097,1091,State Department for Roads,head,1091117500,Endau Bridge,15278345,0,0,0,0,0,22,yes
fy-2026-27-development-book-volume-ii-1091-1097,1091,State Department for Roads,head,1091118600,Laseru-Kitale Road Road(A1)- Emergency Mainteenance,3422122,0,0,0,0,0,22,yes
fy-2026-27-development-book-volume-ii-1091-1097,1091,State Department for Roads,head,1091119900,Bomas - Ongata Rongai - Kiserian Road Dualling - Design,0,350000000,0,350000000,178703284,0,22,yes
fy-2026-27-development-book-volume-ii-1091-1097,1091,State Department for Roads,head,1091120000,Changamwe-Magongo - Kwa Jomvu (A109L) Road dualling,13357822,0,0,0,0,0,22,yes
fy-2026-27-development-book-volume-ii-1091-1097,1091,State Department for Roads,head,1091124800,Dualling of Nairobi Eastern Bypass Project,0,21703296,0,21703296,100000000,176600000,22,yes
fy-2026-27-development-book-volume-ii-1091-1097,1091,State Department for Roads,head,1091126300,"Roads10,000 Programme Phase II ( LOW VOLUME SEAL ROADS LVSRS) 616",296875189,112613010,0,112613010,181910959,0,22,yes
fy-2026-27-development-book-volume-ii-1091-1097,1091,State Department for Roads,head,1091126700,Mechanical Yards maintenance and rehabilitation,285611269,155000000,0,155000000,90000000,124000000,23,yes
fy-2026-27-development-book-volume-ii-1091-1097,1091,State Department for Roads,head,1091126900,Modernization of Materials Testing and Research facilities Phase One,64577995,51500000,0,51500000,56500000,70000000,23,yes
fy-2026-27-development-book-volume-ii-1091-1097,1091,State Department for Roads,head,1091127100,Construction of Training Resource Centre-KIHBT Ngong Campus Phase One,15000000,10000000,0,10000000,10000000,10000000,23,yes
fy-2026-27-development-book-volume-ii-1091-1097,1091,State Department for Roads,head,1091127200,Rehabilitating and Maintenance of Training Sites- KIHBT-Ngong Campus,5520083,10000000,0,10000000,10000000,10000000,23,yes
fy-2026-27-development-book-volume-ii-1091-1097,1091,State Department for Roads,head,1091127300,Hostel construction - KIHBT - Kisii Campus,2760042,0,0,0,0,0,23,yes
fy-2026-27-development-book-volume-ii-1091-1097,1091,State Department for Roads,head,1091127400,Overhaul and Maintenance of Training Sites at Kisii Campus of KIHBT,5520083,10000000,0,10000000,5000000,5000000,23,yes
fy-2026-27-development-book-volume-ii-1091-1097,1091,State Department for Roads,head,1091127600,Roads project monitoring and evaluation,35000000,35000000,0,35000000,60000000,60000000,23,yes
fy-2026-27-development-book-volume-ii-1091-1097,1091,State Department for Roads,head,1091127800,Improvement of Roads in Mt. Kenya and Arberdare National Park,11040166,139000000,0,139000000,30000000,30000000,23,yes
fy-2026-27-development-book-volume-ii-1091-1097,1091,State Department for Roads,head,1091127900,Road projects technical audits,30000000,30000000,0,30000000,50000000,50000000,23,yes
fy-2026-27-development-book-volume-ii-1091-1097,1091,State Department for Roads,head,1091128000,Annuity Low Volume Seal Roads,0,7000389750,7000389750,0,7280397545,7566005496,23,yes
fy-2026-27-development-book-volume-ii-1091-1097,1091,State Department for Roads,head,1091128100,Gilgil - Machinery,0,10000000,10000000,0,0,0,23,yes
fy-2026-27-development-book-volume-ii-1091-1097,1091,State Department for Roads,head,1091128600,Riosiri - Ensoko - Nyabigena - Ogembo 617,107971172,37014056,0,37014056,59186150,45841939,23,yes
fy-2026-27-development-book-volume-ii-1091-1097,1091,State Department for Roads,head,1091129600,Othaya - Karima - Kiandu,30000000,19476258,0,19476258,0,0,24,yes
fy-2026-27-development-book-volume-ii-1091-1097,1091,State Department for Roads,head,1091131400,Isinya - Konza,0,300000000,0,300000000,200000000,0,24,yes
fy-2026-27-development-book-volume-ii-1091-1097,1091,State Department for Roads,head,1091132000,Roads 2000,0,141434160,0,141434160,0,0,24,yes
fy-2026-27-development-book-volume-ii-1091-1097,1091,State Department for Roads,head,1091132400,Kamagambo-Nyasembe-Mogonga Phase II,0,40920976,0,40920976,8853954,0,24,yes
fy-2026-27-development-book-volume-ii-1091-1097,1091,State Department for Roads,head,1091133700,Low Volume Sealed Roads (Lvsr); Phase 1 - Batch 1A,1272580743,1602611035,505511505,1097099530,3150397273,2933950332,24,yes
fy-2026-27-development-book-volume-ii-1091-1097,1091,State Department for Roads,head,1091133800,Low Volume Seals Phase 1 Batch 2,1029390682,790271624,0,790271624,1526095683,1444797836,24,yes
fy-2026-27-development-book-volume-ii-1091-1097,1091,State Department for Roads,head,1091133900,Low Volume Seals Phase 1 Batch 2,3352057018,3066150887,339244707,2726906180,3912674573,4847352747,24,yes
fy-2026-27-development-book-volume-ii-1091-1097,1091,State Department for Roads,head,1091134100,Low Volume Seal Roads Batch 1,988461972,661614619,0,661614619,1020920992,1115465683,24,yes
fy-2026-27-development-book-volume-ii-1091-1097,1091,State Department for Roads,head,1091135400,Low Volume Seal Roads,2140240561,1482222906,0,1482222906,2392393951,2374954808,24,yes
fy-2026-27-development-book-volume-ii-1091-1097,1091,State Department for Roads,head,1091135500,Backlog Maintenance Interventions,27410007,6414138,0,6414138,0,0,24,yes
fy-2026-27-development-book-volume-ii-1091-1097,1091,State Department for Roads,head,1091135600,Backlog Maintenance Interventions - Cont,21781878,11793534,0,11793534,65507759,0,24,yes
fy-2026-27-development-book-volume-ii-1091-1097,1091,State Department for Roads,head,1091135900,Spot Improvement Interventions 618,60282705,46780623,0,46780623,108564090,0,24,yes
fy-2026-27-development-book-volume-ii-1091-1097,1091,State Department for Roads,head,1091137100,Spot Improvement Works,43257215,31086933,0,31086933,0,0,25,yes
fy-2026-27-development-book-volume-ii-1091-1097,1091,State Department for Roads,head,1091137200,Spot Improvement Works,40015563,105035235,0,105035235,94826974,102325983,25,yes
fy-2026-27-development-book-volume-ii-1091-1097,1091,State Department for Roads,head,1091137400,Spot Improvement,207375384,144544491,0,144544491,167458449,333746569,25,yes
fy-2026-27-development-book-volume-ii-1091-1097,1091,State Department for Roads,head,1091139000,Maintenance of Crucial Road Links I,20000000,0,0,0,0,0,25,yes
fy-2026-27-development-book-volume-ii-1091-1097,1091,State Department for Roads,head,1091139100,Maintenance of Crucial Road Links II,12000000,0,0,0,0,0,25,yes
fy-2026-27-development-book-volume-ii-1091-1097,1091,State Department for Roads,head,1091139400,Construction of Kahawa Sukari Eastern Access Roads,47684867,17345627,0,17345627,74073761,0,25,yes
fy-2026-27-development-book-volume-ii-1091-1097,1091,State Department for Roads,head,1091139700,Spot Improvement II,93834559,162487479,0,162487479,214066941,228861463,25,yes
fy-2026-27-development-book-volume-ii-1091-1097,1091,State Department for Roads,head,1091139800,SPOT IMPROVEMENT III,25000000,70715454,0,70715454,33150000,37791000,25,yes
fy-2026-27-development-book-volume-ii-1091-1097,1091,State Department for Roads,head,1091140100,MPARD Package 2 - Mwache - Tsunza - Mteza,17112260,0,0,0,0,0,25,yes
fy-2026-27-development-book-volume-ii-1091-1097,1091,State Department for Roads,head,1091140200,Mpard Package 3 - Mteza - Kibundani Section,15915459,0,0,0,0,0,25,yes
fy-2026-27-development-book-volume-ii-1091-1097,1091,State Department for Roads,head,1091140300,Ugunja-Ukwala-Ruambwa (C92),11029630,0,0,0,0,0,25,yes
fy-2026-27-development-book-volume-ii-1091-1097,1091,State Department for Roads,head,1091140500,Ruiru - Githunguri - Uplands (C560) 619,236381635,199402920,0,199402920,256381635,322630581,25,yes
fy-2026-27-development-book-volume-ii-1091-1097,1091,State Department for Roads,head,1091141900,Kitale-Morpus (KFW),4781772,3017500000,2500000000,517500000,2530781772,4096032456,26,yes
fy-2026-27-development-book-volume-ii-1091-1097,1091,State Department for Roads,head,1091142400,Mombasa Gate Bridge (Likoni Bridge),2049331,0,0,0,257750000,5700000000,26,yes
fy-2026-27-development-book-volume-ii-1091-1097,1091,State Department for Roads,head,1091143000,SPOT IMPROVEMENT IV,15772483,17316915,0,17316915,39082580,0,26,yes
fy-2026-27-development-book-volume-ii-1091-1097,1091,State Department for Roads,head,1091143100,SPOT IMPROVEMENT V,46752066,0,0,0,0,0,26,yes
fy-2026-27-development-book-volume-ii-1091-1097,1091,State Department for Roads,head,1091143800,Valley/Ngong/Nyerere/Ngong Rd Interchange &U-Hill/H-SE,258250009,149375338,0,149375338,715743988,0,26,yes
fy-2026-27-development-book-volume-ii-1091-1097,1091,State Department for Roads,head,1091144000,Kisii By-Pass Phase II,153222560,42346055,0,42346055,215964881,0,26,yes
fy-2026-27-development-book-volume-ii-1091-1097,1091,State Department for Roads,head,1091144100,KAJIADO ACCESS ROADS,27197664,0,0,0,0,0,26,yes
fy-2026-27-development-book-volume-ii-1091-1097,1091,State Department for Roads,head,1091144400,Athi River-Ongata Rongai-Matasia-Ngong Link,0,105000000,0,105000000,203499846,305000082,26,yes
fy-2026-27-development-book-volume-ii-1091-1097,1091,State Department for Roads,head,1091144500,Narok Town Roads,82065846,34020756,0,34020756,0,0,26,yes
fy-2026-27-development-book-volume-ii-1091-1097,1091,State Department for Roads,head,1091145100,Monitoring and Evaluation,40000000,40000000,0,40000000,60000000,60000000,26,yes
fy-2026-27-development-book-volume-ii-1091-1097,1091,State Department for Roads,head,1091145300,Graduate Internship -Engineers Board of Kenya,40160664,80000000,0,80000000,108000000,120000000,26,yes
fy-2026-27-development-book-volume-ii-1091-1097,1091,State Department for Roads,head,1091145800,Critical Emergency Intervention Roads 620,173610807,0,0,0,0,0,26,yes
fy-2026-27-development-book-volume-ii-1091-1097,1091,State Department for Roads,head,1091146100,Rural Roads in Arid and Semi Arid Lands (AFD),2312906196,4677583566,80980494,4596603072,3961707539,1474062052,27,yes
fy-2026-27-development-book-volume-ii-1091-1097,1091,State Department for Roads,head,1091146200,Low Volume Seal Roads,2040348091,3521247692,1356249363,2164998329,5306921785,4208121747,27,yes
fy-2026-27-development-book-volume-ii-1091-1097,1091,State Department for Roads,head,1091146300,Spot Improvement VI,167930279,135746428,0,135746428,209339171,423015689,27,yes
fy-2026-27-development-book-volume-ii-1091-1097,1091,State Department for Roads,head,1091146500,Spot Improvement VIII,35339036,46287579,0,46287579,347156840,347156840,27,yes
fy-2026-27-development-book-volume-ii-1091-1097,1091,State Department for Roads,head,1091146600,Emergency Culverts and Bridges,0,60604587,0,60604587,51513899,58725845,27,yes
fy-2026-27-development-book-volume-ii-1091-1097,1091,State Department for Roads,head,1091148300,Spot Improvement IX,176800571,22710560,0,22710560,139267207,0,27,yes
fy-2026-27-development-book-volume-ii-1091-1097,1091,State Department for Roads,head,1091148500,Spot Improvement XI,347867710,111552691,0,111552691,186752973,70532412,27,yes
fy-2026-27-development-book-volume-ii-1091-1097,1091,State Department for Roads,head,1091148700,Development of Infra. for the Regional Centre of Excellence - KIHBT,210000000,210000000,0,210000000,210000000,210000000,27,yes
fy-2026-27-development-book-volume-ii-1091-1097,1091,State Department for Roads,head,1091149800,Mombasa - Mtwapa,13662206,2340000000,2340000000,0,500000000,0,27,yes
fy-2026-27-development-book-volume-ii-1091-1097,1091,State Department for Roads,head,1091150200,Barpello - Tot - Sigor - Marich Pass,573738326,1354143108,850000000,504143108,1623738326,2917345902,27,yes
fy-2026-27-development-book-volume-ii-1091-1097,1091,State Department for Roads,head,1091150600,"Ngong Road Footbridges (KNH, Daystar & Prestige)",18607180,0,0,0,0,0,27,yes
fy-2026-27-development-book-volume-ii-1091-1097,1091,State Department for Roads,head,1091150700,Construction of Thika Town Roads 621,185190761,80465304,0,80465304,241395910,0,27,yes
fy-2026-27-development-book-volume-ii-1091-1097,1091,State Department for Roads,head,1091150800,Construction of Bomet Town Roads,173544454,50000000,0,50000000,200000000,165000000,28,yes
fy-2026-27-development-book-volume-ii-1091-1097,1091,State Department for Roads,head,1091151600,Homabay Town Roads Phase 1,35102434,31548666,0,31548666,0,0,28,yes
fy-2026-27-development-book-volume-ii-1091-1097,1091,State Department for Roads,head,1091151700,Mlolongo - Athi river - Joska,215407558,18018015,0,18018015,0,0,28,yes
fy-2026-27-development-book-volume-ii-1091-1097,1091,State Department for Roads,head,1091151800,Restoration of Damaged Offices at Works House,15000000,10000000,0,10000000,20000000,20000000,28,yes
fy-2026-27-development-book-volume-ii-1091-1097,1091,State Department for Roads,head,1091152000,Njabini - Kinyona,246345065,173124729,0,173124729,246345065,310000564,28,yes
fy-2026-27-development-book-volume-ii-1091-1097,1091,State Department for Roads,head,1091152100,Upgrading of Inner Core Estate Access Roads,108880363,45136831,0,45136831,0,0,28,yes
fy-2026-27-development-book-volume-ii-1091-1097,1091,State Department for Roads,head,1091152400,Spot Improvement XII,23280125,0,0,0,0,0,28,yes
fy-2026-27-development-book-volume-ii-1091-1097,1091,State Department for Roads,head,1091152600,Kirinyaga Town Roads,106335898,44082012,0,44082012,0,0,28,yes
fy-2026-27-development-book-volume-ii-1091-1097,1091,State Department for Roads,head,1091152700,Spot Improvement XIII,2946332,4043543,0,4043543,0,0,28,yes
fy-2026-27-development-book-volume-ii-1091-1097,1091,State Department for Roads,head,1091152800,Low Volume Seals LVSR,2417390665,2004417479,332337944,1672079535,3136076029,3162347766,28,yes
fy-2026-27-development-book-volume-ii-1091-1097,1091,State Department for Roads,head,1091152900,Marsabit - Shegel (B7),234039539,118256950,0,118256950,204039539,297571209,28,yes
fy-2026-27-development-book-volume-ii-1091-1097,1091,State Department for Roads,head,1091153000,Spot Improvement XIV 622,108132450,50821444,0,50821444,154052998,168545236,28,yes
fy-2026-27-development-book-volume-ii-1091-1097,1091,State Department for Roads,head,1091153200,Spot Improvement XV,70165902,73164911,0,73164911,49492273,62281064,29,yes
fy-2026-27-development-book-volume-ii-1091-1097,1091,State Department for Roads,head,1091153300,Construction of Meru Link Roads,125837369,52166432,0,52166432,16854491,0,29,yes
fy-2026-27-development-book-volume-ii-1091-1097,1091,State Department for Roads,head,1091153900,GwA Kungu-Junct 463-Mutara-Nyanyuki(B22),0,250000000,0,250000000,200000000,0,29,yes
fy-2026-27-development-book-volume-ii-1091-1097,1091,State Department for Roads,head,1091154600,Construction of Makupa Causeway,14815550,225553488,0,225553488,0,0,29,yes
fy-2026-27-development-book-volume-ii-1091-1097,1091,State Department for Roads,head,1091154900,Lungalunga-Kinango-Kwale (B92) DESIGN,331120738,153533775,0,153533775,306120738,385222255,29,yes
fy-2026-27-development-book-volume-ii-1091-1097,1091,State Department for Roads,head,1091156000,Tartar Junction - Kamuino,110987359,46010296,0,46010296,276061771,0,29,yes
fy-2026-27-development-book-volume-ii-1091-1097,1091,State Department for Roads,head,1091156100,Spot Improvement XVI,0,258084807,258084807,0,234622552,49919692,29,yes
fy-2026-27-development-book-volume-ii-1091-1097,1091,State Department for Roads,head,1091156200,Spot Improvement XVII,88448389,137500000,0,137500000,200000000,250000000,29,yes
fy-2026-27-development-book-volume-ii-1091-1097,1091,State Department for Roads,head,1091156500,Dualling Thika - Kenol - Marua Lot 1 (Kenol- Sagana Section),18261350,100000000,100000000,0,18261350,22980078,29,yes
fy-2026-27-development-book-volume-ii-1091-1097,1091,State Department for Roads,head,1091156600,Dualling Thika - Kenol - Marua Lot 2 (Sagana - Marua Section Section),13662253,200000000,200000000,0,13662253,17192576,29,yes
fy-2026-27-development-book-volume-ii-1091-1097,1091,State Department for Roads,head,1091156700,Construction of Mau Mau Road Lot 1A (Kiambu),177828806,228394358,0,228394358,207828806,261531714,29,yes
fy-2026-27-development-book-volume-ii-1091-1097,1091,State Department for Roads,head,1091156800,Construction of Mau Mau Road Lot 1B (Kiambu) 623,177094086,242064885,0,242064885,207094086,260607143,29,yes
fy-2026-27-development-book-volume-ii-1091-1097,1091,State Department for Roads,head,1091156900,Construction of Mau Mau Road Lot 2 (Muranga),237431777,337713607,0,337713607,257431777,323952080,30,yes
fy-2026-27-development-book-volume-ii-1091-1097,1091,State Department for Roads,head,1091157000,Construction of Mau Mau Road Lot 3 ( Nyeri),175738698,248667116,0,248667116,205738698,258901523,30,yes
fy-2026-27-development-book-volume-ii-1091-1097,1091,State Department for Roads,head,1091157400,Nakuru North. Bypass Nyahururu B5 - Kabarak (B4) - A104 - Njoro (C56),0,40000000,0,40000000,200000000,240000000,30,yes
fy-2026-27-development-book-volume-ii-1091-1097,1091,State Department for Roads,head,1091158800,Construction of Acacia Road- Kitengela Bypass -Phase 1,103550296,90000000,0,90000000,270000000,243000000,30,yes
fy-2026-27-development-book-volume-ii-1091-1097,1091,State Department for Roads,head,1091159100,Upgrade of Lamu-Ijara-Garissa Road (A10) to All Weather Standard,422414412,748042347,0,748042347,262414412,330222226,30,yes
fy-2026-27-development-book-volume-ii-1091-1097,1091,State Department for Roads,head,1091159300,Tarbaj Town Roads,85225648,24935625,0,24935625,119690999,0,30,yes
fy-2026-27-development-book-volume-ii-1091-1097,1091,State Department for Roads,head,1091159400,Kigumo Town Roads,33967505,21454567,0,21454567,0,0,30,yes
fy-2026-27-development-book-volume-ii-1091-1097,1091,State Department for Roads,head,1091159600,Horn of Africa Gateway Development Project,6441782329,7440000000,6450000000,990000000,18330986615,13670159519,30,yes
fy-2026-27-development-book-volume-ii-1091-1097,1091,State Department for Roads,head,1091159800,Isiolo Town Roads,101141352,41928591,0,41928591,54804072,0,30,yes
fy-2026-27-development-book-volume-ii-1091-1097,1091,State Department for Roads,head,1091160100,Maintenance of KIHBT Main campus grounds,5000000,5000000,0,5000000,5000000,5000000,30,yes
fy-2026-27-development-book-volume-ii-1091-1097,1091,State Department for Roads,head,1091160400,Construction of Classrooms -KIHBT -Main Campus,30640581,41000000,0,41000000,35000000,55000000,30,yes
fy-2026-27-development-book-volume-ii-1091-1097,1091,State Department for Roads,head,1091160500,Construction of Hostel -KIHBT -Main campus 624,27600415,60000000,0,60000000,50000000,70000000,30,yes
fy-2026-27-development-book-volume-ii-1091-1097,1091,State Department for Roads,head,1091160800,Extension of Suna-Kehancha-Mulot(BI),0,112600000,0,112600000,100000000,0,31,yes
fy-2026-27-development-book-volume-ii-1091-1097,1091,State Department for Roads,head,1091160900,Wikililye-Kathukini-Kwa Muli-Nzukini-mbumbuni,194030794,114909021,0,114909021,324030794,423961804,31,yes
fy-2026-27-development-book-volume-ii-1091-1097,1091,State Department for Roads,head,1091161000,C509 Kiandongoro Forest Gate-Mutubio Forest Gate,1332065,195000000,0,195000000,200000000,0,31,yes
fy-2026-27-development-book-volume-ii-1091-1097,1091,State Department for Roads,head,1091161200,Abardare Forest-Njoguini-kingongo-Kiganjo(B111),838810,184189146,0,184189146,200000000,0,31,yes
fy-2026-27-development-book-volume-ii-1091-1097,1091,State Department for Roads,head,1091161300,Dualling of Ngong Phase IV-Karen Junction-Ngong Town,0,150000000,0,150000000,100000000,400000000,31,yes
fy-2026-27-development-book-volume-ii-1091-1097,1091,State Department for Roads,head,1091161400,Dualling of Limuru Road Phase 1,0,90000000,0,90000000,100000000,270000000,31,yes
fy-2026-27-development-book-volume-ii-1091-1097,1091,State Department for Roads,head,1091161500,Nairobi ITS Establishment & Junctions Improvement Project II,47959946,1101663816,1017000000,84663816,1350000000,1250000000,31,yes
fy-2026-27-development-book-volume-ii-1091-1097,1091,State Department for Roads,head,1091161600,Establishment of Bus Rapid Transit Line 5 Project-Nairobi-BETA,29689776,1079766052,1000000000,79766052,1400000000,1200000000,31,yes
fy-2026-27-development-book-volume-ii-1091-1097,1091,State Department for Roads,head,1091161700,Masalani - Kotile - Gamba - Malindi Road,11963702,0,0,0,0,0,31,yes
fy-2026-27-development-book-volume-ii-1091-1097,1091,State Department for Roads,head,1091161900,Spot Improvement XXIII,490597365,439923192,0,439923192,513444226,746867019,31,yes
fy-2026-27-development-book-volume-ii-1091-1097,1091,State Department for Roads,head,1091162000,Spot Improvement XXIV,0,9860001,0,9860001,0,0,31,yes
fy-2026-27-development-book-volume-ii-1091-1097,1091,State Department for Roads,head,1091162400,Spot Improvement XXVIII 625,84635438,169814881,0,169814881,200972761,221365652,31,yes
fy-2026-27-development-book-volume-ii-1091-1097,1091,State Department for Roads,head,1091162500,Spot Improvement XXIX,28280125,12000000,0,12000000,0,0,32,yes
fy-2026-27-development-book-volume-ii-1091-1097,1091,State Department for Roads,head,1091162600,Nairobi ITS Establishment & Junctions Improvement Project 1,195019724,1085000000,1000000000,85000000,1600000000,1200000000,32,yes
fy-2026-27-development-book-volume-ii-1091-1097,1091,State Department for Roads,head,1091163000,Critical Roads II,15000000,0,0,0,0,0,32,yes
fy-2026-27-development-book-volume-ii-1091-1097,1091,State Department for Roads,head,1091163400,Critical Roads VI,0,3000000,0,3000000,25500000,4500000,32,yes
fy-2026-27-development-book-volume-ii-1091-1097,1091,State Department for Roads,head,1091163700,Construction of Garissa-Isiolo(A10) Road to Gravel Standards,354155928,472682531,0,472682531,324155928,307917733,32,yes
fy-2026-27-development-book-volume-ii-1091-1097,1091,State Department for Roads,head,1091163800,Kisumu-Miwani-Chemilil-Muhoroni Road,719384975,794000439,0,794000439,849384975,1111703278,32,yes
fy-2026-27-development-book-volume-ii-1091-1097,1091,State Department for Roads,head,1091164000,Shegel - Maikona and Maikona Spur Roads and Town Roads,251560570,391837583,0,391837583,282560570,312086260,32,yes
fy-2026-27-development-book-volume-ii-1091-1097,1091,State Department for Roads,head,1091164200,Spot Improvement XXXI,0,150000000,0,150000000,0,0,32,yes
fy-2026-27-development-book-volume-ii-1091-1097,1091,State Department for Roads,head,1091164500,Upgrade to Bitumen of Eronge-Kebuse-Borabu TCC-Makara-Prince Dan Sch,3832168,613129823,613129823,0,557390748,118593777,32,yes
fy-2026-27-development-book-volume-ii-1091-1097,1091,State Department for Roads,head,1091164900,Access Roads to Affordable Housing Facilities,155448408,151355425,0,151355425,253650910,0,32,yes
fy-2026-27-development-book-volume-ii-1091-1097,1091,State Department for Roads,head,1091165000,Access Roads to Industrial Park Facilities,316120348,689288958,600000000,89288958,1033933436,2010164142,32,yes
fy-2026-27-development-book-volume-ii-1091-1097,1091,State Department for Roads,head,1091165100,Land Compensation and Relocation of Services- KeRRA 626,0,200000000,0,200000000,0,0,32,yes
fy-2026-27-development-book-volume-ii-1091-1097,1091,State Department for Roads,head,1091165300,Construction and Equipping of Modern Kitchen-Kisii Campus,15000000,20000000,0,20000000,22000000,30000000,33,yes
fy-2026-27-development-book-volume-ii-1091-1097,1091,State Department for Roads,head,1091165500,JICA/GOK Social Development Initiative-KIBHIT Main Campus,3908552,0,0,0,0,0,33,yes
fy-2026-27-development-book-volume-ii-1091-1097,1091,State Department for Roads,head,1091166200,Samatar - Wajir,1366221,475000000,450000000,25000000,1210366221,4513044850,33,yes
fy-2026-27-development-book-volume-ii-1091-1097,1091,State Department for Roads,head,1091166700,Public Participation Roads III,0,150000000,0,150000000,0,0,33,yes
fy-2026-27-development-book-volume-ii-1091-1097,1091,State Department for Roads,head,1091167200,Upgrading of Elwak -Rhamu Project,5464882,620000000,600000000,20000000,3020464882,3025753003,33,yes
fy-2026-27-development-book-volume-ii-1091-1097,1091,State Department for Roads,head,1091167300,Spot Improvement XXXIII,0,1325357,0,1325357,0,0,33,yes
fy-2026-27-development-book-volume-ii-1091-1097,1091,State Department for Roads,head,1091168000,Spot Improvement XXXV,8280125,0,0,0,0,0,33,yes
fy-2026-27-development-book-volume-ii-1091-1097,1091,State Department for Roads,head,1091168100,Spot Improvement XXXVI,0,191868834,0,191868834,181082689,63037668,33,yes
fy-2026-27-development-book-volume-ii-1091-1097,1091,State Department for Roads,head,1091168200,Critical Roads Interventions,102939432,64757874,0,64757874,148900448,212900762,33,yes
fy-2026-27-development-book-volume-ii-1091-1097,1091,State Department for Roads,head,1091168400,Public Participation Roads V,123827745,81599662,0,81599662,120396788,128466329,33,yes
fy-2026-27-development-book-volume-ii-1091-1097,1091,State Department for Roads,head,1091168800,Rural Roads Murramming II,24840375,0,0,0,0,0,33,yes
fy-2026-27-development-book-volume-ii-1091-1097,1091,State Department for Roads,head,1091169500,Land Compensation & Relocation of Services 627,650000000,509706927,0,509706927,0,0,33,yes
fy-2026-27-development-book-volume-ii-1091-1097,1091,State Department for Roads,head,1091169800,Spot Improvement XXXVII,15111948,28985545,0,28985545,40125972,3327000,34,yes
fy-2026-27-development-book-volume-ii-1091-1097,1091,State Department for Roads,head,1091169900,Low Volume Seals LVSR II,923632039,3086051594,2485853745,600197849,3353129050,1329571923,34,yes
fy-2026-27-development-book-volume-ii-1091-1097,1091,State Department for Roads,head,1091170000,Mau Mau Lot 4: Ihithe Ndunyu Njeru,0,270000000,0,270000000,200000000,0,34,yes
fy-2026-27-development-book-volume-ii-1091-1097,1091,State Department for Roads,head,1091170600,Rural Roads Murramming VIII,0,30000000,0,30000000,0,0,34,yes
fy-2026-27-development-book-volume-ii-1091-1097,1091,State Department for Roads,head,1091170800,Rural Roads Murramming X,8280125,0,0,0,0,0,34,yes
fy-2026-27-development-book-volume-ii-1091-1097,1091,State Department for Roads,head,1091170900,Spot Improvement XXXIX,0,7220442,0,7220442,0,0,34,yes
fy-2026-27-development-book-volume-ii-1091-1097,1091,State Department for Roads,head,1091171100,Quality Compliance (EBK),11040166,30000000,0,30000000,30000000,30000000,34,yes
fy-2026-27-development-book-volume-ii-1091-1097,1091,State Department for Roads,head,1091171300,Rural Roads Gravelling IV,0,12319184,0,12319184,0,0,34,yes
fy-2026-27-development-book-volume-ii-1091-1097,1091,State Department for Roads,head,1091171500,Spot Improvement XLI,88523749,28000000,0,28000000,0,0,34,yes
fy-2026-27-development-book-volume-ii-1091-1097,1091,State Department for Roads,head,1091171600,Spot Improvement XLII,25253370,45292874,0,45292874,0,0,34,yes
fy-2026-27-development-book-volume-ii-1091-1097,1091,State Department for Roads,head,1091171700,Spot Improvement XLIII,2576606,2056339,0,2056339,0,0,34,yes
fy-2026-27-development-book-volume-ii-1091-1097,1091,State Department for Roads,head,1091171900,Spot Improvement XLV 628,12861732,0,0,0,0,0,34,yes
fy-2026-27-development-book-volume-ii-1091-1097,1091,State Department for Roads,head,1091172000,Spot Improvement XLVI,33840375,0,0,0,0,0,35,yes
fy-2026-27-development-book-volume-ii-1091-1097,1091,State Department for Roads,head,1091172100,Spot Improvement XLVII,46040166,25000000,0,25000000,0,0,35,yes
fy-2026-27-development-book-volume-ii-1091-1097,1091,State Department for Roads,head,1091172200,Critical Roads XIX (Critical Roads I ),8280125,30000000,0,30000000,0,0,35,yes
fy-2026-27-development-book-volume-ii-1091-1097,1091,State Department for Roads,head,1091172300,Critical Roads XX (Critical Roads I ),4310909,63440018,0,63440018,105720243,105720242,35,yes
fy-2026-27-development-book-volume-ii-1091-1097,1091,State Department for Roads,head,1091172600,Low Volume Seals LVSR III,2668400974,2824675904,891593596,1933082308,6404327420,4294213356,35,yes
fy-2026-27-development-book-volume-ii-1091-1097,1091,State Department for Roads,head,1091172700,El-Nino Emergency Interventions,14739962,0,0,0,0,0,35,yes
fy-2026-27-development-book-volume-ii-1091-1097,1091,State Department for Roads,head,1091172800,Construction of Ngong Road/ Naivasha Road Interchange,9999629,300000000,300000000,0,0,0,35,yes
fy-2026-27-development-book-volume-ii-1091-1097,1091,State Department for Roads,head,1091173000,Development of Urban Roads in Urban Five Urban Counties - Phase 1 (O,51831103,270000000,200000000,70000000,570000000,1512500000,35,yes
fy-2026-27-development-book-volume-ii-1091-1097,1091,State Department for Roads,head,1091173300,Dualling of Kimwanga Malaba Section of A8 Road (20km),184666537,125000000,0,125000000,54666537,68792356,35,yes
fy-2026-27-development-book-volume-ii-1091-1097,1091,State Department for Roads,head,1091173400,Turbo Nzoia River Sikhendu Endebess (C44) Road Project.,330924694,195000000,0,195000000,360924694,490280008,35,yes
fy-2026-27-development-book-volume-ii-1091-1097,1091,State Department for Roads,head,1091173500,Biretwo Arror - Chesongoch (B126) Road (85km),10394647,14733439,0,14733439,100394647,126336597,35,yes
fy-2026-27-development-book-volume-ii-1091-1097,1091,State Department for Roads,head,1091173700,Lesseru - Kitale 629,1092976,390000000,380000000,10000000,3010092976,3512700999,35,yes
fy-2026-27-development-book-volume-ii-1091-1097,1091,State Department for Roads,head,1091173800,Morpus - Kainuk,12155514,405000000,380000000,25000000,2012155514,3315296496,36,yes
fy-2026-27-development-book-volume-ii-1091-1097,1091,State Department for Roads,head,1091173900,Kainuk - Lokichar,2049331,325000000,300000000,25000000,3012049331,3315162875,36,yes
fy-2026-27-development-book-volume-ii-1091-1097,1091,State Department for Roads,head,1091174000,Alterations and Improvement of KeTRB offices,8280125,15000000,0,15000000,20000000,20000000,36,yes
fy-2026-27-development-book-volume-ii-1091-1097,1091,State Department for Roads,head,1091174100,Electronic Document & Records Management System,8280125,15000000,0,15000000,20000000,20000000,36,yes
fy-2026-27-development-book-volume-ii-1091-1097,1091,State Department for Roads,head,1091174300,Consultancy Services for Roads Projects,411180000,491336490,250000000,241336490,400000000,0,36,yes
fy-2026-27-development-book-volume-ii-1091-1097,1091,State Department for Roads,head,1091174400,Low Volume Seals LVSR IV,375708242,179620070,0,179620070,1091373587,719505128,36,yes
fy-2026-27-development-book-volume-ii-1091-1097,1091,State Department for Roads,head,1091174600,Spot Improvement XLVIII,0,75000000,0,75000000,0,0,36,yes
fy-2026-27-development-book-volume-ii-1091-1097,1091,State Department for Roads,head,1091174900,Spot Improvement LI,126560250,141575690,0,141575690,95756893,338151379,36,yes
fy-2026-27-development-book-volume-ii-1091-1097,1091,State Department for Roads,head,1091175100,Low Volume Seal Road - LVSR V,4787059150,3130338332,0,3130338332,7394095853,5825573347,36,yes
fy-2026-27-development-book-volume-ii-1091-1097,1091,State Department for Roads,head,1091175200,Stage Construction,39600416,200988788,0,200988788,733932727,851910303,36,yes
fy-2026-27-development-book-volume-ii-1091-1097,1091,State Department for Roads,head,1091175300,Public Participation Roads VI,598000000,0,0,0,0,0,36,yes
fy-2026-27-development-book-volume-ii-1091-1097,1091,State Department for Roads,head,1091175500,KIHBT Civil Works ILO Partnership 630,20000000,0,0,0,0,0,36,yes
fy-2026-27-development-book-volume-ii-1091-1097,1091,State Department for Roads,head,1091175600,Critical Roads XXII (Critical Roads IV),43280125,0,0,0,0,0,37,yes
fy-2026-27-development-book-volume-ii-1091-1097,1091,State Department for Roads,head,1091175700,Critical Roads XXII (Critical Roads V),338213616,57471458,0,57471458,294339458,502893747,37,yes
fy-2026-27-development-book-volume-ii-1091-1097,1091,State Department for Roads,head,1091175800,Critical Roads XXII (Critical Roads VI),254215230,468216669,0,468216669,1545436669,2090868711,37,yes
fy-2026-27-development-book-volume-ii-1091-1097,1091,State Department for Roads,head,1091176000,Critical Roads XXII (Critical Roads VIII),46320291,18000000,0,18000000,0,0,37,yes
fy-2026-27-development-book-volume-ii-1091-1097,1091,State Department for Roads,head,1091176200,Critical Roads XXIII (Critical Roads II) - II,0,50000000,0,50000000,0,0,37,yes
fy-2026-27-development-book-volume-ii-1091-1097,1091,State Department for Roads,head,1091176300,Critical Roads XXIII (Critical Roads II) - III,115000000,88190868,0,88190868,166516108,61883919,37,yes
fy-2026-27-development-book-volume-ii-1091-1097,1091,State Department for Roads,head,1091176500,Critical Roads XXIII (Critical Roads IV),65000000,0,0,0,0,0,37,yes
fy-2026-27-development-book-volume-ii-1091-1097,1091,State Department for Roads,head,1091176600,Critical Roads XXIII (Critical Roads V),51560250,0,0,0,0,0,37,yes
fy-2026-27-development-book-volume-ii-1091-1097,1091,State Department for Roads,head,1091176700,Construction of Illasit-Njukini-Taveta-Road,0,420000000,0,420000000,100000000,145839974,37,yes
fy-2026-27-development-book-volume-ii-1091-1097,1091,State Department for Roads,head,1091177000,Construction of Greater Eastern Bypass Road,0,231000000,0,231000000,751097333,800000000,37,yes
fy-2026-27-development-book-volume-ii-1091-1097,1091,State Department for Roads,head,1091177300,Nairobi Roads Renewal/ Regeneration,251914139,100000000,0,100000000,200000000,300000000,37,yes
fy-2026-27-development-book-volume-ii-1091-1097,1091,State Department for Roads,head,1091177500,Dualling Langata (Galleria-Karen)-Dagorreti Road(Karen-Dagorreti) 631,0,120000000,0,120000000,150000000,350000000,37,yes
fy-2026-27-development-book-volume-ii-1091-1097,1091,State Department for Roads,head,1091177800,Construction of Mlolongo - Athi River - Joska Phase II,0,105000000,0,105000000,150000000,450000000,38,yes
fy-2026-27-development-book-volume-ii-1091-1097,1091,State Department for Roads,head,1091178000,Construction of Eldoret City Link Roads,96489153,150000000,0,150000000,200000000,250000000,38,yes
fy-2026-27-development-book-volume-ii-1091-1097,1091,State Department for Roads,head,1091178100,Construction of Syokimau Link Roads( Roads and Trunk Drains),34265546,160000000,0,160000000,200000000,350000000,38,yes
fy-2026-27-development-book-volume-ii-1091-1097,1091,State Department for Roads,head,1091178500,Construction of Maralal Town Link Roads,120611440,75000000,0,75000000,200000000,200000000,38,yes
fy-2026-27-development-book-volume-ii-1091-1097,1091,State Department for Roads,head,1091178700,Construction of Konza - A109 Road Section,0,50000000,0,50000000,150000000,300000000,38,yes
fy-2026-27-development-book-volume-ii-1091-1097,1091,State Department for Roads,head,1091179000,Kenya Roads Board (KRB),0,55814070250,55814070250,0,56467062455,57119454504,38,yes
fy-2026-27-development-book-volume-ii-1091-1097,1091,State Department for Roads,head,1091179400,Upgrading to Bitumen Standard of Wahambla-Imbo Road,19588193,49526908,0,49526908,56885107,69356487,38,yes
fy-2026-27-development-book-volume-ii-1091-1097,1091,State Department for Roads,head,1091179500,Upgrading to Bitumen Standards of Ruga-Lala Road,118444753,58183142,0,58183142,74288558,88524620,38,yes
fy-2026-27-development-book-volume-ii-1091-1097,1091,State Department for Roads,head,1091179600,Arujo Bridge Construction,0,98057689,0,98057689,0,0,38,yes
fy-2026-27-development-book-volume-ii-1091-1097,1091,State Department for Roads,head,1091179900,Holo - Lela,200000000,199112582,0,199112582,76392039,98225163,38,yes
fy-2026-27-development-book-volume-ii-1091-1097,1091,State Department for Roads,head,1091180000,Low Volume Seal Road - LVSR VI,4726476922,1278556356,0,1278556356,943075914,1721753749,38,yes
fy-2026-27-development-book-volume-ii-1091-1097,1091,State Department for Roads,head,1091180100,Low Volume Seal Road - LVSR VII 632,1530891289,322033453,0,322033453,614091369,301565419,38,yes
fy-2026-27-development-book-volume-ii-1091-1097,1091,State Department for Roads,head,1091180200,Ohiya-Shimbrey-Bulla Haji,58328984,125000000,0,125000000,78328984,98569173,39,yes
fy-2026-27-development-book-volume-ii-1091-1097,1091,State Department for Roads,head,1091180300,Upgrading to bitumen standards Rumuruti- Mutara - Nanyuki (Lot 1),206898469,222000000,0,222000000,106898469,134521005,39,yes
fy-2026-27-development-book-volume-ii-1091-1097,1091,State Department for Roads,head,1091180400,Graveling of Mutara - Rumuruti,176398469,150000000,0,150000000,107898469,135779405,39,yes
fy-2026-27-development-book-volume-ii-1091-1097,1091,State Department for Roads,head,1091180500,Mogogosiek town roads,65574627,0,0,0,0,0,39,yes
fy-2026-27-development-book-volume-ii-1091-1097,1091,State Department for Roads,head,1091180600,Sotik town roads,65574627,0,0,0,0,0,39,yes
fy-2026-27-development-book-volume-ii-1091-1097,1091,State Department for Roads,head,1091180700,Garbatula town roads,96949235,0,0,0,0,0,39,yes
fy-2026-27-development-book-volume-ii-1091-1097,1091,State Department for Roads,head,1091180800,Construction of Chelimo Road in Kericho Town,197894198,0,0,0,0,0,39,yes
fy-2026-27-development-book-volume-ii-1091-1097,1091,State Department for Roads,head,1091180900,Lower Kapkatet Town Roads,75462706,0,0,0,0,0,39,yes
fy-2026-27-development-book-volume-ii-1091-1097,1091,State Department for Roads,head,1091181000,Construction of Ruiru/Kimbo Link Rds (Thika Rd -Eastern Bypass Links),0,60000000,0,60000000,150000000,300000000,39,yes
fy-2026-27-development-book-volume-ii-1091-1097,1091,State Department for Roads,head,1091181100,Ogembo bridge,18155514,0,0,0,0,0,39,yes
fy-2026-27-development-book-volume-ii-1091-1097,1091,State Department for Roads,head,1091181200,Rehabilitation of Umoja 3 - supaloaf,20878479,0,0,0,0,0,39,yes
fy-2026-27-development-book-volume-ii-1091-1097,1091,State Department for Roads,head,1091181300,Kinyanjui - crescent road 633,20878479,0,0,0,0,0,39,yes
fy-2026-27-development-book-volume-ii-1091-1097,1091,State Department for Roads,head,1091181400,Upgrading of Voi Town Roads,15814836,0,0,0,0,0,40,yes
fy-2026-27-development-book-volume-ii-1091-1097,1091,State Department for Roads,head,1091181500,Chiakariga/Mukothima town roads,120611440,0,0,0,0,0,40,yes
fy-2026-27-development-book-volume-ii-1091-1097,1091,State Department for Roads,head,1091181600,Nkubu/Mitinguu town roads,120611440,0,0,0,0,0,40,yes
fy-2026-27-development-book-volume-ii-1091-1097,1091,State Department for Roads,head,1091181700,Rural Roads Gravelling V,1877528401,0,0,0,0,0,40,yes
fy-2026-27-development-book-volume-ii-1091-1097,1091,State Department for Roads,head,1091181800,Rural Roads Gravelling VI,989531533,194150573,0,194150573,18115139,55075286,40,yes
fy-2026-27-development-book-volume-ii-1091-1097,1091,State Department for Roads,head,1091181900,Rural Roads Gravelling VII,653010779,1833045380,0,1833045380,64090758,128181516,40,yes
fy-2026-27-development-book-volume-ii-1091-1097,1091,State Department for Roads,head,1091182100,Road Works,11689000000,5605435408,0,5605435408,3297300340,6811887666,40,yes
fy-2026-27-development-book-volume-ii-1091-1097,1091,State Department for Roads,head,1091182200,Road Works II,280000000,109096748,0,109096748,148350462,275062064,40,yes
fy-2026-27-development-book-volume-ii-1091-1097,1091,State Department for Roads,head,1091182300,Upgrading of access road to Munyaka Primary School,19239962,0,0,0,0,0,40,yes
fy-2026-27-development-book-volume-ii-1091-1097,1091,State Department for Roads,head,1091182400,Spot Improvement LII,469641116,723438173,0,723438173,290876344,436314517,40,yes
fy-2026-27-development-book-volume-ii-1091-1097,1091,State Department for Roads,head,1091182500,Critical Roads XXIII (Critical Roads VI),2890000000,43145487,0,43145487,29952867,59990282,40,yes
fy-2026-27-development-book-volume-ii-1091-1097,1091,State Department for Roads,head,1091182600,Critical Roads XXIII (Critical Roads VII) 634,2691000000,241039406,0,241039406,155903249,502573235,40,yes
fy-2026-27-development-book-volume-ii-1091-1097,1091,State Department for Roads,head,1091182700,Critical Roads XXIII (Critical Roads VIII),5936273442,1896108544,0,1896108544,2425701634,3800606506,41,yes
fy-2026-27-development-book-volume-ii-1091-1097,1091,State Department for Roads,head,1091182800,Critical Roads XXIII (Critical Roads VIV),1720000000,817154540,0,817154540,3700000000,14150000000,41,yes
fy-2026-27-development-book-volume-ii-1091-1097,1091,State Department for Roads,head,1091182900,Consultancy Services for Roads Projects,536442120,1209959519,0,1209959519,25251604,28786828,41,yes
fy-2026-27-development-book-volume-ii-1091-1097,1091,State Department for Roads,head,1091183000,Nairobi Intelligent Transport System (ITS) Phase III,116097358,1175000000,1100000000,75000000,1150000000,3000000000,41,yes
fy-2026-27-development-book-volume-ii-1091-1097,1091,State Department for Roads,head,1091183100,South C Road,100000000,0,0,0,0,0,41,yes
fy-2026-27-development-book-volume-ii-1091-1097,1091,State Department for Roads,head,1091183200,Banisa Constituency Roads,330000000,300000000,0,300000000,0,0,41,yes
fy-2026-27-development-book-volume-ii-1091-1097,1091,State Department for Roads,head,1091183300,Mandera South Constituency Roads,80000000,0,0,0,0,0,41,yes
fy-2026-27-development-book-volume-ii-1091-1097,1091,State Department for Roads,head,1091183400,Cherangani Constituency Roads,80000000,0,0,0,0,0,41,yes
fy-2026-27-development-book-volume-ii-1091-1097,1091,State Department for Roads,head,1091183500,Mwingi West Constituency Roads,80000000,0,0,0,0,0,41,yes
fy-2026-27-development-book-volume-ii-1091-1097,1091,State Department for Roads,head,1091183600,Lamu County Roads,180000000,0,0,0,0,0,41,yes
fy-2026-27-development-book-volume-ii-1091-1097,1091,State Department for Roads,head,1091183700,Low Volume Seals LVSR V,588000000,4940255681,0,4940255681,6626360053,11032391376,41,yes
fy-2026-27-development-book-volume-ii-1091-1097,1091,State Department for Roads,head,1091183800,Rural Roads Murraming Vol 1 635,0,1148500000,0,1148500000,0,0,41,yes
fy-2026-27-development-book-volume-ii-1091-1097,1091,State Department for Roads,head,1091183900,Rural Roads Murraming Vol 2,0,97500000,0,97500000,0,0,42,yes
fy-2026-27-development-book-volume-ii-1091-1097,1091,State Department for Roads,head,1091184000,Spot Improvement - Vol 1,0,1731250000,0,1731250000,0,0,42,yes
fy-2026-27-development-book-volume-ii-1091-1097,1091,State Department for Roads,head,1091184100,Spot Improvement - Vol 2,0,1074550000,0,1074550000,0,0,42,yes
fy-2026-27-development-book-volume-ii-1091-1097,1091,State Department for Roads,head,1091184200,Low Volume Seals LVSR VOL 1,0,3519623529,0,3519623529,1647540800,1971730064,42,yes
fy-2026-27-development-book-volume-ii-1091-1097,1091,State Department for Roads,head,1091184300,Low Volume Seals LVSR VOL 2,245000000,4254413587,0,4254413587,2530000000,3111851400,42,yes
fy-2026-27-development-book-volume-ii-1091-1097,1091,State Department for Roads,head,1091184400,Low Volume Seals LVSR VOL 3,910000000,2290576070,0,2290576070,388000000,312350404,42,yes
fy-2026-27-development-book-volume-ii-1091-1097,1091,State Department for Roads,head,1091184500,Rehabilitation of Nabkoi -Lessos -Kapsabet,0,292500000,0,292500000,0,0,42,yes
fy-2026-27-development-book-volume-ii-1091-1097,1091,State Department for Roads,head,1091184600,Realignmnet of Nithi Bridge,0,350000000,0,350000000,200000000,0,42,yes
fy-2026-27-development-book-volume-ii-1091-1097,1091,State Department for Roads,head,1091184700,Construction of Turbo Kimondi and Acess Roads,0,247500000,0,247500000,0,0,42,yes
fy-2026-27-development-book-volume-ii-1091-1097,1091,State Department for Roads,head,1091184800,Construction of Uplands - Githunguri - Ruiru,0,203040534,0,203040534,200000000,0,42,yes
fy-2026-27-development-book-volume-ii-1091-1097,1091,State Department for Roads,head,1091184900,Construction of Ewao Ngiro Morijo,0,125000000,0,125000000,100000000,125839974,42,yes
fy-2026-27-development-book-volume-ii-1091-1097,1091,State Department for Roads,head,1091185200,Kehancha - Lolgorian - Mulot (B1) Road and Associated Spur Roads 636,0,10000000,0,10000000,50000000,62919987,42,yes
fy-2026-27-development-book-volume-ii-1091-1097,1091,State Department for Roads,head,1091185300,Dualling of Northern Bypass Road,0,18750000,0,18750000,650000000,400000000,43,yes
fy-2026-27-development-book-volume-ii-1091-1097,1091,State Department for Roads,head,1091185500,Construction of Talanta Stadium Roads,0,175000000,0,175000000,605000000,105000000,43,yes
fy-2026-27-development-book-volume-ii-1091-1097,1091,State Department for Roads,head,1091185700,Critical Roads XXIV (Critical Roads X),2545000000,650000000,0,650000000,0,0,43,yes
fy-2026-27-development-book-volume-ii-1091-1097,1091,State Department for Roads,head,1091185800,Critical Roads XXV (Critical Roads X - Cont.),1594000000,45000000,0,45000000,0,0,43,yes
fy-2026-27-development-book-volume-ii-1091-1097,1091,State Department for Roads,head,1091185900,Critical Roads XXVI (Critical Roads X - Cont.),30000000,0,0,0,0,0,43,yes
fy-2026-27-development-book-volume-ii-1091-1097,1091,State Department for Roads,head,1091186000,Improvement of Roads In Nairobi and County Cooperation Programme,0,270000000,0,270000000,24000000,0,43,yes
fy-2026-27-development-book-volume-ii-1091-1097,1091,State Department for Roads,head,1091186100,Rehabilitation Mtito Andei -Tsavo River,0,52875000,0,52875000,0,0,43,yes
fy-2026-27-development-book-volume-ii-1091-1097,1091,State Department for Roads,head,1091186200,Rehabilitation of Eldoret -Kapsabet (B8),0,110000000,0,110000000,0,0,43,yes
fy-2026-27-development-book-volume-ii-1091-1097,1091,State Department for Roads,head,1091186300,NMT along Dedan Kimathi University,0,11250000,0,11250000,0,0,43,yes
fy-2026-27-development-book-volume-ii-1091-1097,1091,State Department for Roads,head,1091186400,Low Volume Seals LVSR VOL 4,0,3680187254,0,3680187254,401464787,86869944,43,yes
fy-2026-27-development-book-volume-ii-1091-1097,1091,State Department for Roads,head,1091186500,Spot Improvement Vol 3,0,795000000,0,795000000,0,0,43,yes
fy-2026-27-development-book-volume-ii-1091-1097,1091,State Department for Roads,head,1091186700,Upgrading of Syokimau-Nairobi ICD Road (Old Mombasa Road) 637,0,150000000,0,150000000,0,0,43,yes
fy-2026-27-development-book-volume-ii-1091-1097,1091,State Department for Roads,vote_total,,TOTAL FOR VOTE,92838079778,176860110078,92159445984,84700664094,197931460000,220112460000,44,yes
fy-2026-27-development-book-volume-ii-1091-1097,1092,State Department for Transport,head,1092105100,Monitoring and Evaluation (M&E) of Projects,11040164,25040164,0,25040164,25040164,50040164,919,yes
fy-2026-27-development-book-volume-ii-1091-1097,1092,State Department for Transport,head,1092105200,Refurbishment of Transcom House,38640574,102640574,0,102640574,140000000,40000000,919,yes
fy-2026-27-development-book-volume-ii-1091-1097,1092,State Department for Transport,head,1092105500,Critical Priority Projects-BETA,0,4200000000,4200000000,0,12519000000,14257000000,919,yes
fy-2026-27-development-book-volume-ii-1091-1097,1092,State Department for Transport,head,1092105600,Rehabilitation of The Nairobi - Nanyuki MGR Branch Line-BETA,0,150000000,0,150000000,93000000,0,919,yes
fy-2026-27-development-book-volume-ii-1091-1097,1092,State Department for Transport,head,1092106000,Horn of Africa Gateway Development Project,159953351,380000000,0,380000000,430000000,35000000,919,yes
fy-2026-27-development-book-volume-ii-1091-1097,1092,State Department for Transport,head,1092107100,Horn of Africa Gateway Development Project,106287633,458000000,191000000,267000000,0,0,919,yes
fy-2026-27-development-book-volume-ii-1091-1097,1092,State Department for Transport,head,1092107300,East African Trade and Transport Facilitation Project (MOT),22080328,40000000,0,40000000,40000000,60000000,919,yes
fy-2026-27-development-book-volume-ii-1091-1097,1092,State Department for Transport,head,1092108000,Kisumu - Butere MGR-BETA,0,24000000,0,24000000,0,0,919,yes
fy-2026-27-development-book-volume-ii-1091-1097,1092,State Department for Transport,head,1092108100,Lesuru - Kitale MGR-BETA,0,42000000,0,42000000,0,0,919,yes
fy-2026-27-development-book-volume-ii-1091-1097,1092,State Department for Transport,head,1092108200,Gilgil - Nyahururu MGR-BETA,0,33000000,0,33000000,0,0,919,yes
fy-2026-27-development-book-volume-ii-1091-1097,1092,State Department for Transport,head,1092108300,Kisumu Marine School 1513,64584959,51000000,0,51000000,161000000,0,919,yes
fy-2026-27-development-book-volume-ii-1091-1097,1092,State Department for Transport,head,1092108500,Safe Roads/ Usalama Barabarani,55520082,50000000,0,50000000,0,0,920,yes
fy-2026-27-development-book-volume-ii-1091-1097,1092,State Department for Transport,head,1092108700,Acquisition of Ferries for Lake Victoria,110401640,150000000,0,150000000,209000000,60000000,920,yes
fy-2026-27-development-book-volume-ii-1091-1097,1092,State Department for Transport,head,1092108800,Development of Nairobi Railway City-BETA,0,436000000,0,436000000,450000000,1000000000,920,yes
fy-2026-27-development-book-volume-ii-1091-1097,1092,State Department for Transport,head,1092108900,Riruta - Lenana - Ngong Railway Line,0,2034000000,2034000000,0,2774000000,2374000000,920,yes
fy-2026-27-development-book-volume-ii-1091-1097,1092,State Department for Transport,head,1092109200,Nairobi Bus Rapid Transport Project-BETA,331204920,582204920,0,582204920,1024943360,999959836,920,yes
fy-2026-27-development-book-volume-ii-1091-1097,1092,State Department for Transport,head,1092109300,LAPSSET Corridor Development Projects Resilience Programme,300000000,40000000,0,40000000,153000000,150000000,920,yes
fy-2026-27-development-book-volume-ii-1091-1097,1092,State Department for Transport,head,1092109400,Transaction Advisory Services & Tech. Assistance - LAPSSET Corridor,5520082,7020082,2000000,5020082,0,0,920,yes
fy-2026-27-development-book-volume-ii-1091-1097,1092,State Department for Transport,head,1092109500,Relocation Units at Kibera & Mukuru,0,1115000000,0,1115000000,498000000,882000000,920,yes
fy-2026-27-development-book-volume-ii-1091-1097,1092,State Department for Transport,head,1092109700,SGR:Land acquisition & Construction of Public institutions Phase 1 an,0,2250000000,2250000000,0,2873000000,4459000000,920,yes
fy-2026-27-development-book-volume-ii-1091-1097,1092,State Department for Transport,head,1092109800,Construction of Access Road to Suswa SGR Station & to Maai Mahiu SGR,0,828000000,828000000,0,0,0,920,yes
fy-2026-27-development-book-volume-ii-1091-1097,1092,State Department for Transport,head,1092110000,Rehabilitation of Longonot - Malaba MGR Phase II,0,796000000,796000000,0,0,0,920,yes
fy-2026-27-development-book-volume-ii-1091-1097,1092,State Department for Transport,head,1092110200,Construction of the Maai-Mahiu DK 2 Passenger Service MGR Link 1514,0,351000000,351000000,0,0,0,920,yes
fy-2026-27-development-book-volume-ii-1091-1097,1092,State Department for Transport,head,1092110300,Mombasa SGR-Miritini MGR & railway bridge across Makupa causeway,0,681000000,681000000,0,0,0,921,yes
fy-2026-27-development-book-volume-ii-1091-1097,1092,State Department for Transport,head,1092110400,Rehabilitation of Mombasa MGR station-Miritini MGR station link,0,1397000000,1397000000,0,0,0,921,yes
fy-2026-27-development-book-volume-ii-1091-1097,1092,State Department for Transport,head,1092110500,Revitalization & Construction of Voi-Taveta of Transshipment facility,0,1400000000,1400000000,0,3347000000,2776000000,921,yes
fy-2026-27-development-book-volume-ii-1091-1097,1092,State Department for Transport,head,1092110700,Upgrade of RTI Infrastructure,0,215000000,215000000,0,0,0,921,yes
fy-2026-27-development-book-volume-ii-1091-1097,1092,State Department for Transport,head,1092110800,Procurement of 500 SGR flat wagons and 20 SGR passenger coaches,0,616000000,616000000,0,0,0,921,yes
fy-2026-27-development-book-volume-ii-1091-1097,1092,State Department for Transport,head,1092111100,Implementation of SAP ERP Phase II,0,250500000,250500000,0,0,0,921,yes
fy-2026-27-development-book-volume-ii-1091-1097,1092,State Department for Transport,head,1092111400,Installation of SGR Unified Security System for SGR Phase 1 and 2A,0,177000000,177000000,0,0,0,921,yes
fy-2026-27-development-book-volume-ii-1091-1097,1092,State Department for Transport,head,1092111500,Standard Gauge Railway: Operations and Maintenance,0,900000000,900000000,0,0,0,921,yes
fy-2026-27-development-book-volume-ii-1091-1097,1092,State Department for Transport,head,1092111800,Reconstruction of the Athi River Freight yard and construction of acc,0,61000000,61000000,0,0,0,921,yes
fy-2026-27-development-book-volume-ii-1091-1097,1092,State Department for Transport,head,1092111900,Construction of Logistics Hub in Athi River,0,500000000,500000000,0,500000000,350000000,921,yes
fy-2026-27-development-book-volume-ii-1091-1097,1092,State Department for Transport,head,1092112300,Development of SGR Phase 2B and 2C - 369KM,0,20843070172,20843070172,0,26623000000,31623000000,921,yes
fy-2026-27-development-book-volume-ii-1091-1097,1092,State Department for Transport,head,1092112400,Promotion of E-Mobility Project 1515,34704427,272957292,238000000,34957292,0,0,921,yes
fy-2026-27-development-book-volume-ii-1091-1097,1092,State Department for Transport,head,1092112500,Supply & Commissioning of Kenya Railways Rolling Stock,30360451,822000000,722000000,100000000,100000000,0,922,yes
fy-2026-27-development-book-volume-ii-1091-1097,1092,State Department for Transport,head,1092112600,"Modernization, Extension and Operation of Nairobi Commuter Line 4",20976312,244976312,220000000,24976312,49976312,0,922,yes
fy-2026-27-development-book-volume-ii-1091-1097,1092,State Department for Transport,head,1092112800,LAPSSET Corridor Master Plan,27600410,300000000,0,300000000,0,0,922,yes
fy-2026-27-development-book-volume-ii-1091-1097,1092,State Department for Transport,head,1092113200,Acquisition of MGR Locomotives,0,465450131,465450131,0,0,0,922,yes
fy-2026-27-development-book-volume-ii-1091-1097,1092,State Department for Transport,head,1092113800,Reconstruction of Mariakani & Port Reitz Freight Drainage Channel,0,251000000,251000000,0,0,0,922,yes
fy-2026-27-development-book-volume-ii-1091-1097,1092,State Department for Transport,head,1092114000,Rehabilitation and remanufacturing of MGR Locomotives,0,404000000,404000000,0,0,0,922,yes
fy-2026-27-development-book-volume-ii-1091-1097,1092,State Department for Transport,head,1092114100,Construction of Mombasa Freight Terminus- Magongo Rd access road,0,221979697,221979697,0,0,0,922,yes
fy-2026-27-development-book-volume-ii-1091-1097,1092,State Department for Transport,head,1092114300,Construction of SGR Overhaul Workshop,0,2396000000,2396000000,0,2396000000,737000000,922,yes
fy-2026-27-development-book-volume-ii-1091-1097,1092,State Department for Transport,head,1092114500,Acquisition of SGR Locomotives Wheelsets,0,2758000000,2758000000,0,1670000000,0,922,yes
fy-2026-27-development-book-volume-ii-1091-1097,1092,State Department for Transport,head,1092114600,Installation of SGR Passenger Ticketing System,0,450000000,450000000,0,0,0,922,yes
fy-2026-27-development-book-volume-ii-1091-1097,1092,State Department for Transport,head,1092114700,Flood Mitigation Works,0,3805000000,3805000000,0,1359000000,0,922,yes
fy-2026-27-development-book-volume-ii-1091-1097,1092,State Department for Transport,head,1092115000,Kenya Urban Mobility Improvement Project 1516,53120492,432120492,0,432120492,400000000,0,922,yes
fy-2026-27-development-book-volume-ii-1091-1097,1092,State Department for Transport,head,1092115100,Dredging of Kisumu Port,350000000,500000000,0,500000000,0,750000000,923,yes
fy-2026-27-development-book-volume-ii-1091-1097,1092,State Department for Transport,head,1092115200,Rehabilitation of Thika-Nanyuki Meter Gauge Railway Branch Line,0,0,0,0,1000000000,140000000,923,yes
fy-2026-27-development-book-volume-ii-1091-1097,1092,State Department for Transport,head,1092115500,Development of Automated Fare Collection System,37600409,28000000,0,28000000,28000000,30000000,923,yes
fy-2026-27-development-book-volume-ii-1091-1097,1092,State Department for Transport,head,1092115600,Public Transport Technical BRT Assistance Project- Phase 1,11040164,96040164,69000000,27040164,20040164,0,923,yes
fy-2026-27-development-book-volume-ii-1091-1097,1092,State Department for Transport,head,1092115700,Resilience Building Program,27600410,0,0,0,0,0,923,yes
fy-2026-27-development-book-volume-ii-1091-1097,1092,State Department for Transport,head,1092115800,Rehabilitation of Meter Gauge Railway - Stone Refills,800000000,0,0,0,30000000,0,923,yes
fy-2026-27-development-book-volume-ii-1091-1097,1092,State Department for Transport,head,1092115900,Kenya Ferry Ramp - Mombasa,450000000,550000000,0,550000000,0,0,923,yes
fy-2026-27-development-book-volume-ii-1091-1097,1092,State Department for Transport,head,1092116000,Mombasa - Nairobi - Naivasha SGR Maintenance Work,800000000,0,0,0,0,0,923,yes
fy-2026-27-development-book-volume-ii-1091-1097,1092,State Department for Transport,head,1092116100,Construction of walkways and pavements for non motorized road users,1210000000,0,0,0,617000000,1250000000,923,yes
fy-2026-27-development-book-volume-ii-1091-1097,1092,State Department for Transport,head,1092116200,Ongata Rongai and Ngong Station SGR access roads,0,200000000,200000000,0,0,0,923,yes
fy-2026-27-development-book-volume-ii-1091-1097,1092,State Department for Transport,head,1092116400,LAPSSET Corridor Development,0,250000000,0,250000000,300000000,250000000,923,yes
fy-2026-27-development-book-volume-ii-1091-1097,1092,State Department for Transport,head,1092116600,Remanufacture of MGR Locomotives - Phase II 1517,0,1067000000,1067000000,0,1480000000,1153000000,923,yes
fy-2026-27-development-book-volume-ii-1091-1097,1092,State Department for Transport,head,1092116700,Landing Site for Mtongwe Ferry,300000000,0,0,0,0,0,924,yes
fy-2026-27-development-book-volume-ii-1091-1097,1092,State Department for Transport,head,1092117100,Improvement of Port Reitz Yard (Line 13 and Line 14),0,175000000,175000000,0,0,0,924,yes
fy-2026-27-development-book-volume-ii-1091-1097,1092,State Department for Transport,vote_total,,TOTAL FOR VOTE,5358236808,56875000000,51135000000,5740000000,61310000000,63426000000,924,yes
fy-2026-27-development-book-volume-ii-1091-1097,1093,State Department for Shipping and Maritime Affairs,head,1093101000,Survival Training Centre,165602460,166000000,0,166000000,171000000,186000000,971,yes
fy-2026-27-development-book-volume-ii-1091-1097,1093,State Department for Shipping and Maritime Affairs,head,1093101100,Blue Economy Data bank,0,159000000,159000000,0,21000000,0,971,yes
fy-2026-27-development-book-volume-ii-1091-1097,1093,State Department for Shipping and Maritime Affairs,head,1093101300,Kenya Lake Victoria Maritime Communication and Transport Project,0,926000000,926000000,0,193000000,0,971,yes
fy-2026-27-development-book-volume-ii-1091-1097,1093,State Department for Shipping and Maritime Affairs,head,1093101400,National Maritime Spatial Plan,100000000,0,0,0,0,0,971,yes
fy-2026-27-development-book-volume-ii-1091-1097,1093,State Department for Shipping and Maritime Affairs,head,1093101500,Lake Turkana Maritime Transport and Investment Project,200000000,600000000,0,600000000,59000000,79000000,971,yes
fy-2026-27-development-book-volume-ii-1091-1097,1093,State Department for Shipping and Maritime Affairs,head,1093101600,Maritime Sector Data Project,100000000,0,0,0,0,0,971,yes
fy-2026-27-development-book-volume-ii-1091-1097,1093,State Department for Shipping and Maritime Affairs,vote_total,,TOTAL FOR VOTE,565602460,1851000000,1085000000,766000000,444000000,265000000,971,yes
fy-2026-27-development-book-volume-ii-1091-1097,1094,State Department for Housing & Urban Development,head,1094101100,Civil Servant Housing Scheme Fund,0,18500000,18500000,0,18500000,18500000,977,yes
fy-2026-27-development-book-volume-ii-1091-1097,1094,State Department for Housing & Urban Development,head,1094101200,Maintenance of Government Pool Houses,0,820300000,820300000,0,820300000,820300000,977,yes
fy-2026-27-development-book-volume-ii-1091-1097,1094,State Department for Housing & Urban Development,head,1094101700,Construction and Rehabilitation of Access Roads,0,166460054,0,166460054,0,0,977,yes
fy-2026-27-development-book-volume-ii-1091-1097,1094,State Department for Housing & Urban Development,head,1094105000,Kenya Urban Programme (KenUP),12567450701,18636451961,0,18636451961,14431000000,0,977,yes
fy-2026-27-development-book-volume-ii-1091-1097,1094,State Department for Housing & Urban Development,head,1094106200,Affordable Housing Fund,0,110027200000,110027200000,0,360093200000,330085200000,977,yes
fy-2026-27-development-book-volume-ii-1091-1097,1094,State Department for Housing & Urban Development,head,1094109800,Kenya Informal Settlement Improvement Project - Phase II,5355100776,2709539946,0,2709539946,615000000,100000000,977,yes
fy-2026-27-development-book-volume-ii-1091-1097,1094,State Department for Housing & Urban Development,head,1094113000,Kenya Informal Settlement Redevelopment Project (KISRIP),100000000,110000000,0,110000000,247000000,0,977,yes
fy-2026-27-development-book-volume-ii-1091-1097,1094,State Department for Housing & Urban Development,head,1094112100,Building Climate Resilience of the Urban Poor Project (BCRUP),100000000,259000000,0,259000000,314000000,350000000,977,yes
fy-2026-27-development-book-volume-ii-1091-1097,1094,State Department for Housing & Urban Development,head,1094112200,Public Participation Projects,25000000,0,0,0,0,0,977,yes
fy-2026-27-development-book-volume-ii-1091-1097,1094,State Department for Housing & Urban Development,head,1094112300,"Urban Governance, Management and Resilience",0,0,0,0,100000000,534000000,977,yes
fy-2026-27-development-book-volume-ii-1091-1097,1094,State Department for Housing & Urban Development,vote_total,,TOTAL FOR VOTE,18147551477,132747451961,110866000000,21881451961,376639000000,331908000000,977,yes
fy-2026-27-development-book-volume-ii-1091-1097,1095,State Department for Public Works,head,1095100100,Construction & Completion of Stalled Government Buildings,0,2570000,0,2570000,250000000,400000000,989,yes
fy-2026-27-development-book-volume-ii-1091-1097,1095,State Department for Public Works,head,1095100200,Renovation & Equipping the National Building Inspectorate,0,22000000,0,22000000,63040000,68700000,989,yes
fy-2026-27-development-book-volume-ii-1091-1097,1095,State Department for Public Works,head,1095100300,Construction of Ndau seawall,0,382800000,0,382800000,45000000,6900000,989,yes
fy-2026-27-development-book-volume-ii-1091-1097,1095,State Department for Public Works,head,1095100400,Construction of Foot Bridges,0,19720000,0,19720000,10590000,0,989,yes
fy-2026-27-development-book-volume-ii-1091-1097,1095,State Department for Public Works,head,1095100500,ESP District Headquarters,0,0,0,0,60000000,0,989,yes
fy-2026-27-development-book-volume-ii-1091-1097,1095,State Department for Public Works,head,1095100600,Construction of County Headquarters-BETA,454000000,535000000,0,535000000,118870000,0,989,yes
fy-2026-27-development-book-volume-ii-1091-1097,1095,State Department for Public Works,head,1095100700,County/ Sub-County Works Offices,0,14000000,0,14000000,50000000,80000000,989,yes
fy-2026-27-development-book-volume-ii-1091-1097,1095,State Department for Public Works,head,1095101000,Construction of Lamu Sea Wall,0,0,0,0,50000000,100000000,989,yes
fy-2026-27-development-book-volume-ii-1091-1097,1095,State Department for Public Works,head,1095101200,Construction of New Mokowe Jetty,0,61500000,0,61500000,0,0,989,yes
fy-2026-27-development-book-volume-ii-1091-1097,1095,State Department for Public Works,head,1095101800,Building and Construction Materials Survey,0,20000000,0,20000000,40000000,120000000,989,yes
fy-2026-27-development-book-volume-ii-1091-1097,1095,State Department for Public Works,head,1095102200,Completion of MoW Sports Club 1583,0,0,0,0,20000000,30000000,989,yes
fy-2026-27-development-book-volume-ii-1091-1097,1095,State Department for Public Works,head,1095102900,Lake Victoria Jetties,0,0,0,0,30000000,330050000,990,yes
fy-2026-27-development-book-volume-ii-1091-1097,1095,State Department for Public Works,head,1095103000,Lake Turkana Jetties,0,0,0,0,50000000,120000000,990,yes
fy-2026-27-development-book-volume-ii-1091-1097,1095,State Department for Public Works,head,1095103400,Centre for Construction Industry Development,0,50000000,50000000,0,50000000,50000000,990,yes
fy-2026-27-development-book-volume-ii-1091-1097,1095,State Department for Public Works,head,1095104200,Construction of Foot Bridges - Continued-BETA,0,81360000,0,81360000,0,0,990,yes
fy-2026-27-development-book-volume-ii-1091-1097,1095,State Department for Public Works,head,1095104300,Construction of Foot Bridges - Continued-BETA,184000000,93450000,0,93450000,177500000,16000000,990,yes
fy-2026-27-development-book-volume-ii-1091-1097,1095,State Department for Public Works,head,1095104500,Pedestrian Access (Footbridges),0,34000000,0,34000000,17400000,51600000,990,yes
fy-2026-27-development-book-volume-ii-1091-1097,1095,State Department for Public Works,head,1095104800,Construction of Kiwayu Seawall and Jetty,0,53100000,0,53100000,50000000,39750000,990,yes
fy-2026-27-development-book-volume-ii-1091-1097,1095,State Department for Public Works,head,1095104900,Pedestrian Access,0,7000000,0,7000000,0,0,990,yes
fy-2026-27-development-book-volume-ii-1091-1097,1095,State Department for Public Works,head,1095105000,Supervison of Projects,0,34000000,0,34000000,110000000,140000000,990,yes
fy-2026-27-development-book-volume-ii-1091-1097,1095,State Department for Public Works,head,1095105100,Public Participation Projects,65000000,99500000,0,99500000,188600000,0,990,yes
fy-2026-27-development-book-volume-ii-1091-1097,1095,State Department for Public Works,head,1095105200,Construction of Foot Bridges,60000000,144000000,0,144000000,40000000,0,990,yes
fy-2026-27-development-book-volume-ii-1091-1097,1095,State Department for Public Works,head,1095105400,Establishment and refurbishment of regional works offices 1584,0,35000000,0,35000000,170000000,250000000,990,yes
fy-2026-27-development-book-volume-ii-1091-1097,1095,State Department for Public Works,head,1095105500,Artification of Public Buildings and Infrastructure,0,15000000,0,15000000,28000000,46000000,991,yes
fy-2026-27-development-book-volume-ii-1091-1097,1095,State Department for Public Works,vote_total,,TOTAL FOR VOTE,763000000,1704000000,50000000,1654000000,1619000000,1849000000,991,yes
fy-2026-27-development-book-volume-ii-1091-1097,1097,State Department for Aviation and Aerospace Development,head,1097100200,Kakamega Airstrip,131377952,132000000,0,132000000,140000000,160000000,1022,yes
fy-2026-27-development-book-volume-ii-1091-1097,1097,State Department for Aviation and Aerospace Development,head,1097100300,Kabunde Airstrip,69001025,100000000,0,100000000,180000000,187000000,1022,yes
fy-2026-27-development-book-volume-ii-1091-1097,1097,State Department for Aviation and Aerospace Development,head,1097100400,Migori Airstrip,130825943,100000000,0,100000000,112000000,100000000,1022,yes
fy-2026-27-development-book-volume-ii-1091-1097,1097,State Department for Aviation and Aerospace Development,head,1097100700,Purchase of Aircraft Accident Investigation Equipment,27600410,77000000,0,77000000,80000000,140000000,1022,yes
fy-2026-27-development-book-volume-ii-1091-1097,1097,State Department for Aviation and Aerospace Development,head,1097100800,Eldas Airstrip,50000000,92585449,0,92585449,0,0,1022,yes
fy-2026-27-development-book-volume-ii-1091-1097,1097,State Department for Aviation and Aerospace Development,head,1097100900,Modogashe Airstrip,60000000,7715454,0,7715454,0,0,1022,yes
fy-2026-27-development-book-volume-ii-1091-1097,1097,State Department for Aviation and Aerospace Development,head,1097101000,Banane/ Shantabaq Airstrip,0,8486999,0,8486999,0,0,1022,yes
fy-2026-27-development-book-volume-ii-1091-1097,1097,State Department for Aviation and Aerospace Development,head,1097101100,Rhamu Airstrip,30000000,12344726,0,12344726,0,0,1022,yes
fy-2026-27-development-book-volume-ii-1091-1097,1097,State Department for Aviation and Aerospace Development,head,1097101200,Lafey Airstrip,154000000,30861816,0,30861816,0,0,1022,yes
fy-2026-27-development-book-volume-ii-1091-1097,1097,State Department for Aviation and Aerospace Development,head,1097101300,Refurbishment of New Offices,0,70000000,0,70000000,0,0,1022,yes
fy-2026-27-development-book-volume-ii-1091-1097,1097,State Department for Aviation and Aerospace Development,vote_total,,TOTAL FOR VOTE,652805330,630994444,0,630994444,512000000,587000000,1022,yes
