book,row_type,code,title,gross_approved_expenditure_2025_2026,appropriations_in_aid_2025_2026,net_approved_expenditure_2025_2026,gross_estimates_2026_2027,appropriations_in_aid_2026_2027,net_estimates_2026_2027,page,verified
fy-2026-27-recurrent-volume-ii-1169-2151-29-04-26,vote,1011,"Executive Office of the President 6,860,143,497 15,000,000 6,845,143,497 5,842,616,675 15,000,000 5,827,616,675",6860143497,15000000,6845143497,5842616675,15000000,5827616675,1,yes
fy-2026-27-recurrent-volume-ii-1169-2151-29-04-26,vote,1012,"Office of the Deputy President 5,067,645,253 3,300,000 5,064,345,253 3,576,436,161 3,300,000 3,573,136,161",5067645253,3300000,5064345253,3576436161,3300000,3573136161,1,yes
fy-2026-27-recurrent-volume-ii-1169-2151-29-04-26,vote,1013,"Office of the Prime Cabinet Secretary 628,940,537 - 628,940,537 839,790,954 - 839,790,954",628940537,0,628940537,839790954,0,839790954,1,yes
fy-2026-27-recurrent-volume-ii-1169-2151-29-04-26,vote,1014,"State Department for Parliamentary Affairs 439,536,645 - 439,536,645 361,201,100 - 361,201,100",439536645,0,439536645,361201100,0,361201100,1,yes
fy-2026-27-recurrent-volume-ii-1169-2151-29-04-26,vote,1016,"State Department for Cabinet Affairs 235,174,899 - 235,174,899 269,386,723 - 269,386,723",235174899,0,235174899,269386723,0,269386723,1,yes
fy-2026-27-recurrent-volume-ii-1169-2151-29-04-26,vote,1017,"State House 16,253,888,246 2,100,000 16,251,788,246 12,616,798,513 2,100,000 12,614,698,513",16253888246,2100000,16251788246,12616798513,2100000,12614698513,1,yes
fy-2026-27-recurrent-volume-ii-1169-2151-29-04-26,vote,1018,"State Department for National Government Coordination 1,034,416,229 - 1,034,416,229 1,062,305,141 - 1,062,305,141",1034416229,0,1034416229,1062305141,0,1062305141,1,yes
fy-2026-27-recurrent-volume-ii-1169-2151-29-04-26,vote,1023,"State Department for Correctional Services 38,736,895,333 11,500,000 38,725,395,333 41,696,778,650 11,500,000 41,685,278,650",38736895333,11500000,38725395333,41696778650,11500000,41685278650,1,yes
fy-2026-27-recurrent-volume-ii-1169-2151-29-04-26,vote,1024,"State Department for Immigration and Citizen Services 14,959,940,334 5,127,421,650 9,832,518,684 13,428,854,462 3,502,400,000 9,926,454,462",14959940334,5127421650,9832518684,13428854462,3502400000,9926454462,1,yes
fy-2026-27-recurrent-volume-ii-1169-2151-29-04-26,vote,1025,"National Police Service 134,252,959,155 65,927,600 134,187,031,555 144,187,751,328 65,930,000 144,121,821,328",134252959155,65927600,134187031555,144187751328,65930000,144121821328,1,yes
fy-2026-27-recurrent-volume-ii-1169-2151-29-04-26,vote,1026,"State Department for Internal Security & National 48,327,473,633 130,070,000 48,197,403,633 45,846,346,444 170,070,000 45,676,276,444 Administration",48327473633,130070000,48197403633,45846346444,170070000,45676276444,1,yes
fy-2026-27-recurrent-volume-ii-1169-2151-29-04-26,vote,1032,"State Department for Devolution 1,373,575,547 - 1,373,575,547 1,377,677,757 4,000,000 1,373,677,757",1373575547,0,1373575547,1377677757,4000000,1373677757,1,yes
fy-2026-27-recurrent-volume-ii-1169-2151-29-04-26,vote,1033,"State Department for Special Programmes 13,808,627,546 - 13,808,627,546 644,259,192 - 644,259,192",13808627546,0,13808627546,644259192,0,644259192,1,yes
fy-2026-27-recurrent-volume-ii-1169-2151-29-04-26,vote,1036,"State Department for the ASALs and Regional Development 9,622,656,046 602,500,000 9,020,156,046 7,391,859,311 478,500,000 6,913,359,311",9622656046,602500000,9020156046,7391859311,478500000,6913359311,1,yes
fy-2026-27-recurrent-volume-ii-1169-2151-29-04-26,vote,1041,"Ministry of Defence 221,819,482,898 7,827,300,000 213,992,182,898 239,379,196,784 8,193,300,000 231,185,896,784",221819482898,7827300000,213992182898,239379196784,8193300000,231185896784,1,yes
fy-2026-27-recurrent-volume-ii-1169-2151-29-04-26,vote,1053,"State Department for Foreign Affairs 23,745,672,310 282,067,248 23,463,605,062 24,471,908,602 312,900,000 24,159,008,602",23745672310,282067248,23463605062,24471908602,312900000,24159008602,1,yes
fy-2026-27-recurrent-volume-ii-1169-2151-29-04-26,vote,1054,"State Department for Diaspora Affairs 758,597,342 - 758,597,342 817,268,920 - 817,268,920",758597342,0,758597342,817268920,0,817268920,1,yes
fy-2026-27-recurrent-volume-ii-1169-2151-29-04-26,vote,1064,"State Department for Technical Vocational Education and 43,766,420,154 21,793,839,475 21,972,580,679 49,816,164,346 26,069,040,000 23,747,124,346 Training",43766420154,21793839475,21972580679,49816164346,26069040000,23747124346,1,yes
fy-2026-27-recurrent-volume-ii-1169-2151-29-04-26,vote,1065,"State Department for Higher Education 156,422,209,069 55,853,744,446 100,568,464,623 155,188,369,997 57,206,000,000 97,982,369,997",156422209069,55853744446,100568464623,155188369997,57206000000,97982369997,1,yes
fy-2026-27-recurrent-volume-ii-1169-2151-29-04-26,vote,1066,"State Department for Basic Education 113,099,115,548 1,367,672,626 111,731,442,922 117,985,741,227 1,355,170,000 116,630,571,227",113099115548,1367672626,111731442922,117985741227,1355170000,116630571227,1,yes
fy-2026-27-recurrent-volume-ii-1169-2151-29-04-26,vote,1067,"State Department for Science, Innovation and Research 1,069,556,501 160,000,000 909,556,501 1,256,127,567 160,000,000 1,096,127,567",1069556501,160000000,909556501,1256127567,160000000,1096127567,1,yes
fy-2026-27-recurrent-volume-ii-1169-2151-29-04-26,vote,1071,"The National Treasury 90,522,736,386 16,429,100,000 74,093,636,386 80,641,819,512 18,115,000,000 62,526,819,512",90522736386,16429100000,74093636386,80641819512,18115000000,62526819512,1,yes
fy-2026-27-recurrent-volume-ii-1169-2151-29-04-26,vote,1072,"State Department for Economic Planning 4,432,772,754 281,200,000 4,151,572,754 3,941,586,715 391,000,000 3,550,586,715",4432772754,281200000,4151572754,3941586715,391000000,3550586715,1,yes
fy-2026-27-recurrent-volume-ii-1169-2151-29-04-26,vote,1073,"State Department for Public Investments and Assets 3,873,106,245 339,900,000 3,533,206,245 2,933,981,055 362,700,000 2,571,281,055 Management",3873106245,339900000,3533206245,2933981055,362700000,2571281055,1,yes
fy-2026-27-recurrent-volume-ii-1169-2151-29-04-26,vote,1082,"State Department for Medical Services 93,491,104,178 27,343,180,000 66,147,924,178 108,580,722,340 43,753,294,687 64,827,427,653",93491104178,27343180000,66147924178,108580722340,43753294687,64827427653,1,yes
fy-2026-27-recurrent-volume-ii-1169-2151-29-04-26,vote,1083,"State Department for Public Health and Professional Standards 33,522,554,125 9,286,800,000 24,235,754,125 33,393,675,233 9,786,280,000 23,607,395,233",33522554125,9286800000,24235754125,33393675233,9786280000,23607395233,1,yes
fy-2026-27-recurrent-volume-ii-1169-2151-29-04-26,vote,1091,"State Department for Roads 71,628,311,335 70,223,269,200 1,405,042,135 57,801,955,160 56,369,540,000 1,432,415,160",71628311335,70223269200,1405042135,57801955160,56369540000,1432415160,1,yes
fy-2026-27-recurrent-volume-ii-1169-2151-29-04-26,vote,1092,"State Department for Transport 6,833,234,006 4,653,000,000 2,180,234,006 7,026,304,139 4,853,000,000 2,173,304,139",6833234006,4653000000,2180234006,7026304139,4853000000,2173304139,1,yes
fy-2026-27-recurrent-volume-ii-1169-2151-29-04-26,vote,1093,"State Department for Shipping and Maritime Affairs 3,628,867,961 2,978,000,000 650,867,961 4,996,021,665 4,440,000,000 556,021,665",3628867961,2978000000,650867961,4996021665,4440000000,556021665,1,yes
fy-2026-27-recurrent-volume-ii-1169-2151-29-04-26,vote,1094,"State Department for Housing & Urban Development 6,926,100,586 5,286,000,000 1,640,100,586 5,520,899,845 3,843,000,000 1,677,899,845",6926100586,5286000000,1640100586,5520899845,3843000000,1677899845,1,yes
fy-2026-27-recurrent-volume-ii-1169-2151-29-04-26,vote,1095,"State Department for Public Works 4,045,131,249 1,556,400,000 2,488,731,249 3,574,453,595 1,156,000,000 2,418,453,595",4045131249,1556400000,2488731249,3574453595,1156000000,2418453595,1,yes
fy-2026-27-recurrent-volume-ii-1169-2151-29-04-26,vote,1097,"State Department for Aviation and Aerospace Development 14,359,440,049 14,100,000,000 259,440,049 13,281,221,138 12,921,000,000 360,221,138",14359440049,14100000000,259440049,13281221138,12921000000,360221138,1,yes
fy-2026-27-recurrent-volume-ii-1169-2151-29-04-26,vote,1104,"State Department for Irrigation 1,130,673,973 308,000,000 822,673,973 987,677,200 50,000,000 937,677,200",1130673973,308000000,822673973,987677200,50000000,937677200,1,yes
fy-2026-27-recurrent-volume-ii-1169-2151-29-04-26,vote,1109,"State Department for Water & Sanitation 8,496,042,945 5,053,000,000 3,443,042,945 8,524,625,447 5,425,000,000 3,099,625,447",8496042945,5053000000,3443042945,8524625447,5425000000,3099625447,1,yes
fy-2026-27-recurrent-volume-ii-1169-2151-29-04-26,vote,1112,"State Department for Lands and Physical Planning 5,606,974,348 2,158,800,000 3,448,174,348 5,737,500,000 2,113,000,000 3,624,500,000",5606974348,2158800000,3448174348,5737500000,2113000000,3624500000,1,yes
fy-2026-27-recurrent-volume-ii-1169-2151-29-04-26,vote,1122,"State Department for Information Communication Technology 3,627,927,301 533,000,000 3,094,927,301 3,443,884,217 493,000,000 2,950,884,217 & Digital Economy",3627927301,533000000,3094927301,3443884217,493000000,2950884217,1,yes
fy-2026-27-recurrent-volume-ii-1169-2151-29-04-26,vote,1123,"State Department for Broadcasting & Telecommunications 6,090,206,768 2,415,000,000 3,675,206,768 6,018,233,389 2,585,000,000 3,433,233,389",6090206768,2415000000,3675206768,6018233389,2585000000,3433233389,1,yes
fy-2026-27-recurrent-volume-ii-1169-2151-29-04-26,vote,1132,"State Department for Sports 5,652,660,675 569,400,000 5,083,260,675 3,488,048,975 671,400,000 2,816,648,975",5652660675,569400000,5083260675,3488048975,671400000,2816648975,1,yes
fy-2026-27-recurrent-volume-ii-1169-2151-29-04-26,vote,1134,"State Department for Culture, The Arts and Heritage 2,999,569,160 634,730,000 2,364,839,160 2,877,743,258 654,230,000 2,223,513,258",2999569160,634730000,2364839160,2877743258,654230000,2223513258,1,yes
fy-2026-27-recurrent-volume-ii-1169-2151-29-04-26,vote,1135,"State Department for Youth Affairs and Creative Economy 2,892,252,840 180,570,000 2,711,682,840 2,587,377,196 180,570,000 2,406,807,196",2892252840,180570000,2711682840,2587377196,180570000,2406807196,1,yes
fy-2026-27-recurrent-volume-ii-1169-2151-29-04-26,vote,1152,"State Department for Energy 12,270,628,638 11,108,000,000 1,162,628,638 13,292,514,756 12,265,000,000 1,027,514,756",12270628638,11108000000,1162628638,13292514756,12265000000,1027514756,1,yes
fy-2026-27-recurrent-volume-ii-1169-2151-29-04-26,vote,1162,"State Department for Livestock Development 6,295,554,850 2,654,985,000 3,640,569,850 5,514,338,756 2,728,610,000 2,785,728,756",6295554850,2654985000,3640569850,5514338756,2728610000,2785728756,1,yes
fy-2026-27-recurrent-volume-ii-1169-2151-29-04-26,vote,1166,"State Department for the Blue Economy and Fisheries 3,585,075,164 304,298,190 3,280,776,974 3,080,965,327 251,000,000 2,829,965,327",3585075164,304298190,3280776974,3080965327,251000000,2829965327,1,yes
fy-2026-27-recurrent-volume-ii-1169-2151-29-04-26,vote,1169,"State Department for Agriculture 24,351,719,705 18,499,504,563 5,852,215,142 24,403,734,723 18,241,060,000 6,162,674,723",24351719705,18499504563,5852215142,24403734723,18241060000,6162674723,1,yes
fy-2026-27-recurrent-volume-ii-1169-2151-29-04-26,vote,1173,"State Department for Cooperatives 5,914,111,907 1,213,230,000 4,700,881,907 5,451,283,347 1,267,730,000 4,183,553,347",5914111907,1213230000,4700881907,5451283347,1267730000,4183553347,1,yes
fy-2026-27-recurrent-volume-ii-1169-2151-29-04-26,vote,1174,"State Department for Trade 5,083,018,276 1,641,590,000 3,441,428,276 3,765,653,038 1,766,530,000 1,999,123,038",5083018276,1641590000,3441428276,3765653038,1766530000,1999123038,1,yes
fy-2026-27-recurrent-volume-ii-1169-2151-29-04-26,vote,1175,"State Department for Industry 4,734,237,400 1,616,000,000 3,118,237,400 4,287,887,602 1,751,190,000 2,536,697,602",4734237400,1616000000,3118237400,4287887602,1751190000,2536697602,1,yes
fy-2026-27-recurrent-volume-ii-1169-2151-29-04-26,vote,1176,"State Department for Micro, Small and Medium Enterprises 2,256,998,263 734,961,292 1,522,036,971 2,038,687,500 594,500,000 1,444,187,500 Development (i)",2256998263,734961292,1522036971,2038687500,594500000,1444187500,1,yes
fy-2026-27-recurrent-volume-ii-1169-2151-29-04-26,vote,1177,"State Department for Investment Promotion 1,612,111,370 742,000,000 870,111,370 1,566,226,723 742,000,000 824,226,723",1612111370,742000000,870111370,1566226723,742000000,824226723,2,yes
fy-2026-27-recurrent-volume-ii-1169-2151-29-04-26,vote,1184,"State Department for Labour and Skills Development 4,986,186,400 2,680,100,000 2,306,086,400 4,504,124,060 2,703,300,000 1,800,824,060",4986186400,2680100000,2306086400,4504124060,2703300000,1800824060,2,yes
fy-2026-27-recurrent-volume-ii-1169-2151-29-04-26,vote,1185,"State Department for Social Protection and Senior Citizens 33,284,872,382 153,140,000 33,131,732,382 30,510,873,004 128,140,000 30,382,733,004 Affairs",33284872382,153140000,33131732382,30510873004,128140000,30382733004,2,yes
fy-2026-27-recurrent-volume-ii-1169-2151-29-04-26,vote,1186,"State Department for Children Services 11,941,011,616 960,000 11,940,051,616 12,170,559,523 960,000 12,169,599,523",11941011616,960000,11940051616,12170559523,960000,12169599523,2,yes
fy-2026-27-recurrent-volume-ii-1169-2151-29-04-26,vote,1192,"State Department for Mining 2,193,541,987 1,472,700,000 720,841,987 2,072,487,964 1,224,300,000 848,187,964",2193541987,1472700000,720841987,2072487964,1224300000,848187964,2,yes
fy-2026-27-recurrent-volume-ii-1169-2151-29-04-26,vote,1193,"State Department for Petroleum 25,030,336,525 24,703,400,000 326,936,525 22,391,000,000 22,040,000,000 351,000,000",25030336525,24703400000,326936525,22391000000,22040000000,351000000,2,yes
fy-2026-27-recurrent-volume-ii-1169-2151-29-04-26,vote,1202,"State Department for Tourism 11,758,465,185 10,923,980,000 834,485,185 11,937,702,729 11,297,888,081 639,814,648",11758465185,10923980000,834485185,11937702729,11297888081,639814648,2,yes
fy-2026-27-recurrent-volume-ii-1169-2151-29-04-26,vote,1203,"State Department for Wildlife 13,565,797,441 9,649,773,515 3,916,023,926 14,799,759,688 10,879,000,000 3,920,759,688",13565797441,9649773515,3916023926,14799759688,10879000000,3920759688,2,yes
fy-2026-27-recurrent-volume-ii-1169-2151-29-04-26,vote,1212,"State Department for Gender and Affirmative Action 1,666,159,992 135,000,000 1,531,159,992 2,048,403,526 135,000,000 1,913,403,526",1666159992,135000000,1531159992,2048403526,135000000,1913403526,2,yes
fy-2026-27-recurrent-volume-ii-1169-2151-29-04-26,vote,1213,"State Department for Public Service and Human Capital 22,056,139,995 2,927,600,000 19,128,539,995 24,514,219,191 3,101,100,000 21,413,119,191 Development",22056139995,2927600000,19128539995,24514219191,3101100000,21413119191,2,yes
fy-2026-27-recurrent-volume-ii-1169-2151-29-04-26,vote,1221,"State Department for East African Community Affairs 1,146,235,139 - 1,146,235,139 809,415,250 - 809,415,250",1146235139,0,1146235139,809415250,0,809415250,2,yes
fy-2026-27-recurrent-volume-ii-1169-2151-29-04-26,vote,1252,"State Law Office 5,115,845,730 605,080,000 4,510,765,730 5,536,063,884 611,980,000 4,924,083,884",5115845730,605080000,4510765730,5536063884,611980000,4924083884,2,yes
fy-2026-27-recurrent-volume-ii-1169-2151-29-04-26,vote,1253,"State Department for Justice Human Rights and Constitutional 1,063,722,234 100,000 1,063,622,234 1,450,429,053 - 1,450,429,053 Affairs",1063722234,100000,1063622234,1450429053,0,1450429053,2,yes
fy-2026-27-recurrent-volume-ii-1169-2151-29-04-26,vote,1261,"The Judiciary 25,637,400,000 366,045,973 25,271,354,027 - - -",25637400000,366045973,25271354027,0,0,0,2,yes
fy-2026-27-recurrent-volume-ii-1169-2151-29-04-26,vote,1271,"Ethics and Anti-Corruption Commission 4,358,500,694 22,238,000 4,336,262,694 4,973,666,780 13,700,000 4,959,966,780",4358500694,22238000,4336262694,4973666780,13700000,4959966780,2,yes
fy-2026-27-recurrent-volume-ii-1169-2151-29-04-26,vote,1281,"National Intelligence Service 61,447,229,480 - 61,447,229,480 58,617,000,000 - 58,617,000,000",61447229480,0,61447229480,58617000000,0,58617000000,2,yes
fy-2026-27-recurrent-volume-ii-1169-2151-29-04-26,vote,1291,"Office of the Director of Public Prosecutions 5,560,227,372 8,595,450 5,551,631,922 6,151,330,000 7,500,000 6,143,830,000",5560227372,8595450,5551631922,6151330000,7500000,6143830000,2,yes
fy-2026-27-recurrent-volume-ii-1169-2151-29-04-26,vote,1311,"Office of the Registrar of Political Parties 3,056,967,519 - 3,056,967,519 2,448,350,918 - 2,448,350,918",3056967519,0,3056967519,2448350918,0,2448350918,2,yes
fy-2026-27-recurrent-volume-ii-1169-2151-29-04-26,vote,1321,"Witness Protection Agency 791,206,825 - 791,206,825 1,009,448,754 - 1,009,448,754",791206825,0,791206825,1009448754,0,1009448754,2,yes
fy-2026-27-recurrent-volume-ii-1169-2151-29-04-26,vote,1331,"State Department for Environment & Climate Change 4,142,148,200 1,342,900,000 2,799,248,200 4,248,659,031 1,443,000,000 2,805,659,031",4142148200,1342900000,2799248200,4248659031,1443000000,2805659031,2,yes
fy-2026-27-recurrent-volume-ii-1169-2151-29-04-26,vote,1332,"State Department for Forestry 11,087,544,588 4,950,000,000 6,137,544,588 9,052,737,089 4,954,000,000 4,098,737,089",11087544588,4950000000,6137544588,9052737089,4954000000,4098737089,2,yes
fy-2026-27-recurrent-volume-ii-1169-2151-29-04-26,vote,2011,"Kenya National Commission on Human Rights 521,334,902 - 521,334,902 593,029,690 - 593,029,690",521334902,0,521334902,593029690,0,593029690,2,yes
fy-2026-27-recurrent-volume-ii-1169-2151-29-04-26,vote,2021,"National Land Commission 5,553,230,215 - 5,553,230,215 3,180,490,405 - 3,180,490,405",5553230215,0,5553230215,3180490405,0,3180490405,2,yes
fy-2026-27-recurrent-volume-ii-1169-2151-29-04-26,vote,2031,"Independent Electoral and Boundaries Commission 12,980,293,313 - 12,980,293,313 24,903,340,000 - 24,903,340,000",12980293313,0,12980293313,24903340000,0,24903340000,2,yes
fy-2026-27-recurrent-volume-ii-1169-2151-29-04-26,vote,2041,"Parliamentary Service Commission 2,869,865,359 - 2,869,865,359 - - -",2869865359,0,2869865359,0,0,0,2,yes
fy-2026-27-recurrent-volume-ii-1169-2151-29-04-26,vote,2042,"National Assembly 28,928,556,038 - 28,928,556,038 - - -",28928556038,0,28928556038,0,0,0,2,yes
fy-2026-27-recurrent-volume-ii-1169-2151-29-04-26,vote,2043,"Parliamentary Joint Services 6,948,110,806 24,000,000 6,924,110,806 - - -",6948110806,24000000,6924110806,0,0,0,2,yes
fy-2026-27-recurrent-volume-ii-1169-2151-29-04-26,vote,2044,"Senate 8,379,167,797 - 8,379,167,797 - - -",8379167797,0,8379167797,0,0,0,2,yes
fy-2026-27-recurrent-volume-ii-1169-2151-29-04-26,vote,2051,"Judicial Service Commission 940,710,000 10,000,000 930,710,000 - - -",940710000,10000000,930710000,0,0,0,2,yes
fy-2026-27-recurrent-volume-ii-1169-2151-29-04-26,vote,2061,"Commission on Revenue Allocation 488,188,526 252,822 487,935,704 471,027,708 - 471,027,708",488188526,252822,487935704,471027708,0,471027708,2,yes
fy-2026-27-recurrent-volume-ii-1169-2151-29-04-26,vote,2071,"Public Service Commission 3,597,062,711 24,200,000 3,572,862,711 3,855,049,000 24,000,000 3,831,049,000",3597062711,24200000,3572862711,3855049000,24000000,3831049000,2,yes
fy-2026-27-recurrent-volume-ii-1169-2151-29-04-26,vote,2081,"Salaries and Remuneration Commission 869,463,435 - 869,463,435 914,395,492 - 914,395,492",869463435,0,869463435,914395492,0,914395492,2,yes
fy-2026-27-recurrent-volume-ii-1169-2151-29-04-26,vote,2091,"Teachers Service Commission 410,622,082,376 1,064,000,000 409,558,082,376 421,910,320,950 1,000,000,000 420,910,320,950",410622082376,1064000000,409558082376,421910320950,1000000000,420910320950,2,yes
fy-2026-27-recurrent-volume-ii-1169-2151-29-04-26,vote,2101,"National Police Service Commission 1,455,398,649 - 1,455,398,649 1,578,511,626 - 1,578,511,626",1455398649,0,1455398649,1578511626,0,1578511626,2,yes
fy-2026-27-recurrent-volume-ii-1169-2151-29-04-26,vote,2111,"Auditor General 8,359,032,880 407,000,000 7,952,032,880 9,526,300,000 422,000,000 9,104,300,000",8359032880,407000000,7952032880,9526300000,422000000,9104300000,2,yes
fy-2026-27-recurrent-volume-ii-1169-2151-29-04-26,vote,2121,"Controller of Budget 948,093,754 2,000,000 946,093,754 935,427,243 2,000,000 933,427,243",948093754,2000000,946093754,935427243,2000000,933427243,2,yes
fy-2026-27-recurrent-volume-ii-1169-2151-29-04-26,vote,2131,"Commission on Administrative Justice 666,212,573 - 666,212,573 724,567,402 - 724,567,402",666212573,0,666212573,724567402,0,724567402,2,yes
fy-2026-27-recurrent-volume-ii-1169-2151-29-04-26,vote,2141,"National Gender and Equality Commission 560,367,804 - 560,367,804 667,738,000 - 667,738,000",560367804,0,560367804,667738000,0,667738000,2,yes
fy-2026-27-recurrent-volume-ii-1169-2151-29-04-26,vote,2151,"Independent Policing Oversight Authority 1,405,881,096 - 1,405,881,096 1,456,610,040 - 1,456,610,040",1405881096,0,1405881096,1456610040,0,1456610040,2,yes
fy-2026-27-recurrent-volume-ii-1169-2151-29-04-26,voted,,TOTAL VOTED EXPENDITURE Add: Consolidated Fund Services,2034128640717,357559427050,1676569213667,1976778899705,365307712768,1611471186937,2,yes
fy-2026-27-recurrent-volume-ii-1169-2151-29-04-26,cfs,i,"Public Debt 2,344,550,130,416 - 2,344,550,130,416 2,315,884,392,206 - 2,315,884,392,206",2344550130416,0,2344550130416,2315884392206,0,2315884392206,2,yes
fy-2026-27-recurrent-volume-ii-1169-2151-29-04-26,cfs,ii,"Pensions and Gratuities 234,898,447,748 - 234,898,447,748 241,937,772,895 - 241,937,772,895",234898447748,0,234898447748,241937772895,0,241937772895,2,yes
fy-2026-27-recurrent-volume-ii-1169-2151-29-04-26,cfs,iii,"Salaries and Allowances 5,097,044,003 - 5,097,044,003 5,079,274,572 - 5,079,274,572",5097044003,0,5097044003,5079274572,0,5079274572,2,yes
fy-2026-27-recurrent-volume-ii-1169-2151-29-04-26,cfs,iv,Subscriptions to International Organizations - - - - - -,0,0,0,0,0,0,2,yes
fy-2026-27-recurrent-volume-ii-1169-2151-29-04-26,cfs,v,"Miscellaneous Services 71,000,000 - 71,000,000 72,480,000 - 72,480,000",71000000,0,71000000,72480000,0,72480000,2,yes
fy-2026-27-recurrent-volume-ii-1169-2151-29-04-26,cfs,vi,Guaranteed Debt - - - - - -,0,0,0,0,0,0,2,yes
fy-2026-27-recurrent-volume-ii-1169-2151-29-04-26,cfs_total,,TOTAL CONSOLIDATED FUND SERVICES,2584616622168,0,2584616622168,2562973919672,0,2562973919672,2,yes
fy-2026-27-recurrent-volume-ii-1169-2151-29-04-26,grand,,GRAND TOTAL (ii),4618745262885,357559427050,4261185835835,4539752819377,365307712768,4174445106609,2,yes
